VD_Name,is_Plane,lane_amount,-10(min),-5(min),Now,5(min),10(min),15(min)
V9211A0_0,False,4,0.0,0.0,0.0,0.0,0.0,0.0
VIKQU50_0,True,2,4.0,0.835,2.0,1.335,2.875,1.8
VWRLS20_1,True,3,0.0,0.0,0.0,0.0,0.0,0.0
VWRLS20_0,True,3,0.0,0.0,0.0,0.0,0.0,0.0
VSWMR40_1,True,2,5.1,3.9,4.8,3.1,4.6,5.2
VSWMR40_0,True,2,8.9,6.6,11.2,9.2,10.6,8.4
V8001H1_0,True,3,2.4,2.06666666667,3.13333333333,2.46666666667,3.2,1.86666666667
VM9QH20_1,True,2,10.5,16.4,19.4,18.5,15.4,12.3
VM9QH20_0,True,2,14.6,9.9,12.7,13.5,15.1,14.8
VIWR760_0,True,3,0.0,0.0,0.0,0.0,0.333333333333,0.666666666667
VIWR760_11,True,3,0.0,0.0,0.0,0.0,0.0,0.0
VZLKH60_1,True,1,1.0,1.0,1.4,1.2,1.0,1.2
VZLKH60_0,True,1,0.2,0.2,0.2,0.2,0.8,0.2
VSGLN60_1,True,1,0.0,0.2,0.0,0.0,0.2,0.0
VSGLN60_0,True,1,9.4,13.0,10.0,13.6,9.8,8.2
VINKW00_0,True,2,0.5,0.6,0.4,0.8,0.6,0.3
V0111C0_0,False,1,0.6,0.6,0.2,0.6,0.6,0.8
VNKIG00_0,True,1,20.2,16.0,13.6,19.8,15.6,18.4
VSDPM60_1,True,1,0.25,3.0,3.2,7.4,4.0,2.2
VSDPM60_0,True,1,0.75,1.5,1.0,0.8,0.6,1.0
VSNVA60_0,True,2,2.1,2.3,1.4,2.5,3.0,2.0
VTHRR20_0,True,2,4.5,3.5,2.5,5.4,3.9,2.5
VL5GL60_0,True,2,49.9,43.4,40.5,33.4,61.6,34.4
VQGFY41_0,True,2,1.4,2.0,1.0,1.6,2.2,1.5
V8001H2_3,True,1,0.0,0.0,0.0,0.0,0.0,0.0
V8001H2_0,True,1,0.0,0.0,0.2,0.4,0.0,0.0
VPLKP40_0,True,2,2.2,2.0,1.9,4.2,2.0,2.6
V6160C1_0,False,2,4.0,5.5,4.0,5.5,4.7,7.0
VCZLY20_0,True,2,1.2,2.2,0.8,1.9,0.9,1.8
V6340G0_0,False,2,0.8,0.6,0.9,1.2,1.3,0.9
VINJW00_1,True,3,0.466666666667,0.533333333333,0.4,0.466666666667,0.4,0.266666666667
VINJW00_0,True,3,0.4,0.266666666667,0.4,0.333333333333,0.0666666666667,0.6
VP5KR40_0,True,2,1.8,2.0,1.5,1.2,2.5,2.6
VMEKD00_1,True,1,0.6,0.4,0.2,0.6,0.6,0.4
VMEKD00_0,True,1,4.0,4.4,5.8,3.8,6.2,3.2
V6320G0_0,False,2,1.0,1.3,0.9,1.3,1.2,1.5
VN5HV00_1,True,2,1.6,1.7,2.0,2.5,1.1,2.6
VN5HV00_0,True,2,1.9,3.7,2.4,3.9,1.8,2.5
VNLJX20_0,True,3,0.0,0.0,0.0,0.0,0.0,0.0
VQFHC20_1,True,3,3.53333333333,3.2,4.06666666667,4.2,2.86666666667,5.06666666667
VQFHC20_0,True,1,0.6,0.6,0.6,0.6,0.4,1.2
VKNIV20_0,True,2,2.0,2.1,2.2,1.4,2.0,1.2
VTZY920_0,True,2,4.9,4.6,9.0,7.7,13.4,1.8
VN8GX40_0,True,3,0.333333333333,0.266666666667,0.8,0.466666666667,0.333333333333,0.333333333333
VN2C0E1_0,False,2,0.5,0.0,0.5,0.0,0.5,0.0
V6150C1_0,False,2,2.4,2.9,2.5,2.1,2.5,1.9
VLRJE00_1,True,1,2.4,2.0,2.6,2.2,3.0,1.0
VLRJE00_0,True,1,2.0,1.6,1.6,1.2,1.8,1.4
VM7PP00_1,True,1,2.8,2.6,2.8,2.4,1.6,1.6
VM7PP00_0,True,1,3.2,3.8,4.2,5.4,4.2,3.2
VKLPX00_1,True,2,0.0,0.0,0.0,0.0,0.0,0.0
VKLPX00_0,True,2,0.0,0.0,0.0,0.0,0.0,0.0
V03C0G1_0,False,2,10.3,11.5,11.0,9.6,12.7,9.2
VJHKR21_1,True,3,6.33333333333,3.93333333333,5.33333333333,6.26666666667,5.06666666667,4.33333333333
VJHKR21_0,True,3,3.6,4.26666666667,4.2,3.33333333333,5.2,6.2
VJUDT20_1,True,2,0.5,1.2,0.8,0.3,0.2,0.5
VJUDT20_0,True,2,2.7,3.2,3.4,3.5,3.0,3.5
VJGN700_1,True,2,2.4,1.6,2.9,4.4,2.4,1.9
VJGN700_0,True,2,2.2,2.4,2.5,2.3,2.8,3.2
VBWQ840_0,True,2,2.9,3.7,2.9,4.3,3.0,3.5
V0140C1_0,False,2,2.0,2.0,2.7,2.5,2.4,1.4
VSVI900_0,True,2,10.0,12.7,11.2,13.3,11.1,13.1
VDYN960_0,True,2,1.7,0.8,2.0,1.0,1.75,0.9
VT9NN00_1,True,2,2.6,1.7,1.6,1.6,2.1,1.4
VT9NN00_0,True,2,1.8,0.7,1.0,1.0,0.8,0.8
VNZM960_0,True,3,14.8,6.8,4.0,3.26666666667,3.0,3.13333333333
VM210E2_0,True,2,2.2,1.7,2.6,2.8,1.4,2.8
VN5HV61_1,True,2,2.2,2.0,1.8,3.3,5.9,2.3
VN5HV61_0,True,1,8.4,4.8,5.6,4.6,7.0,4.6
VF9KB20_0,True,2,0.4,0.1,0.8,1.2,1.2,1.0
V3ZT820_1,True,1,0.6,1.0,0.6,1.0,0.2,0.4
V3ZT820_0,True,1,0.0,0.0,0.2,0.2,0.2,0.2
V2101B0_0,False,1,2.2,2.4,2.6,2.8,2.0,2.2
VIME520_0,True,1,0.0,0.2,0.0,0.4,0.0,0.0
VGBBW20_0,True,2,0.5,0.9,0.7,0.9,0.8,0.6
VGKCG60_1,True,2,0.6,0.3,0.3,0.6,0.9,0.6
VGKCG60_0,True,2,1.8,1.3,0.8,1.4,1.7,1.6
VLNX920_1,True,2,3.7,5.0,4.6,3.7,5.0,4.4
VLNX920_0,True,2,0.1,0.3,0.0,0.2,0.1,0.2
VNKIG40_0,True,1,3.4,3.4,3.0,3.4,3.8,4.4
VL6RM20_1,True,1,6.6,3.0,7.4,4.8,4.0,2.6
VL6RM20_0,True,1,0.8,0.6,0.8,0.6,1.2,0.2
V3132C0_0,False,2,0.4,0.1,0.1,0.2,0.3,0.2
VKXRL60_1,True,2,1.5,5.2,3.9,7.4,7.9,6.0
V9010A0_0,False,2,0.9,0.8,0.8,1.0,1.0,0.7
VHKPV60_0,True,3,1.73333333333,2.13333333333,1.06666666667,0.8,1.0,0.0
VMEKQ41_0,True,2,2.0,4.0,2.3,2.4,1.8,5.1
VJHML20_0,True,3,3.73333333333,3.33333333333,4.06666666667,2.26666666667,4.26666666667,4.26666666667
VFYKD40_1,True,3,0.0,0.133333333333,0.0,0.0,0.0666666666667,0.0
VFYKD40_0,True,3,0.266666666667,0.733333333333,0.466666666667,0.466666666667,0.466666666667,0.2
VPBTD70_0,True,4,4.9,5.8,4.9,2.9,3.15,2.5
VJVRL40_0,True,3,0.0,0.0,0.0,0.0,0.166666666667,0.0
VHSH560_0,True,2,1.0,1.5,0.9,0.9,1.2,1.1
VLPN800_0,True,2,1.9,3.0,1.6,1.83,1.375,3.0
VLMG600_1,True,1,2.2,1.4,2.0,1.8,2.0,2.0
VLMG600_0,True,1,1.0,0.8,1.6,0.8,1.8,0.8
VHPBV00_1,True,1,2.2,1.0,1.2,1.0,1.0,1.0
VHPBV00_0,True,1,2.0,1.4,0.8,1.4,1.8,1.0
VGSGF00_1,True,2,2.1,1.2,2.2,2.3,2.2,2.7
VGSGF00_0,True,2,3.7,1.8,4.2,3.9,5.1,3.2
VN0C0E0_0,False,1,4.2,4.4,4.6,4.0,2.8,4.2
V42E2E0_0,False,2,0.2,10.1,46.0,0.3,7.7,0.1
V6160C0_0,False,2,3.9,6.6,5.5,4.6,4.8,5.0
V2110C0_0,False,2,1.8,1.9,1.3,1.5,1.2,1.9
V6350G0_0,False,2,0.6,0.6,1.0,0.9,1.9,0.9
V56BU20_0,True,3,0.8,0.866666666667,1.2,0.733333333333,1.13333333333,1.2
VJM4U00_0,True,1,1.8,1.4,1.0,1.8,2.6,2.8
VGKCG20_0,True,2,1.9,2.7,2.2,2.1,2.2,1.0
VT5QV00_1,True,2,0.4,0.4,0.4,0.8,0.6,0.7
VT5QV00_0,True,2,0.6,0.8,0.6,0.4,0.8,0.6
V2130C0_0,False,1,0.0,0.0,0.0,0.0,0.0,0.0
VLXFX20_0,True,2,6.2,9.7,12.7,9.6,5.6,12.1
V4270C0_0,False,2,3.2,2.7,3.4,2.7,3.3,2.6
V42C0E0_0,False,3,3.73333333333,3.93333333333,4.06666666667,4.66666666667,4.33333333333,4.26666666667
V2321G0_0,False,1,4.2,5.4,5.6,5.2,3.4,6.2
V52C2E0_0,False,1,3.0,4.2,3.6,3.8,3.4,3.8
VK8LT20_0,True,2,1.9,3.0,2.1,1.9,1.7,2.7
VLGGY60_1,True,1,1.2,2.2,2.0,1.6,1.2,1.2
VLGGY60_0,True,1,1.2,1.4,2.0,1.4,2.4,1.6
VSJJX20_1,True,1,1.2,1.8,1.8,2.0,2.4,1.4
VSJJX20_0,True,1,10.4,13.0,17.4,20.6,25.6,21.4
V2311G0_0,False,1,0.6,0.6,1.2,0.6,1.2,1.0
VV9IP40_0,True,1,4.0,4.0,5.2,3.8,3.2,3.4
VU8EF40_0,True,4,1.65,1.8,2.0,2.1,1.6,1.9
VL9SB00_1,True,2,3.6,8.1,18.25,12.3,12.2,3.4
VL9SB00_0,True,4,2.5,4.7,3.3,5.75,3.7,3.65
V1260E0_0,False,3,9.53333333333,8.6,8.66666666667,8.06666666667,8.13333333333,7.46666666667
VT9FV00_1,True,3,2.33333333333,3.33333333333,3.13333333333,2.46666666667,2.6,2.66666666667
VT9FV00_0,True,3,5.73333333333,6.13333333333,5.0,5.73333333333,4.86666666667,4.06666666667
V8220E2_0,False,3,2.26666666667,2.0,2.8,2.33333333333,2.4,2.46666666667
VIDDL00_1,True,1,1.4,7.8,1.4,1.0,1.6,2.0
VIDDL00_0,True,1,1.6,2.0,1.4,1.0,1.8,1.8
V5B2R60_0,True,3,3.33333333333,3.8,2.86666666667,3.66666666667,3.53333333333,4.0
VHPEB20_1,True,2,1.2,1.0,1.1,1.0,0.9,1.7
VHPEB20_0,True,2,1.0,1.0,1.0,1.6,1.3,0.9
VMCN800_0,True,2,1.1,0.9,1.1,0.8,1.3,0.625
V1001B0_0,False,2,0.0,0.0,0.0,0.0,0.1,0.0
VVVGB40_1,True,4,1.05,0.9,1.2,1.2,1.05,0.9
VVVGB40_0,True,2,1.1,0.8,1.2,0.8,0.9,0.9
V6160C6_0,False,2,5.5,6.1,6.1,5.1,6.3,4.1
V6180A0_0,False,2,0.0,0.0,0.0,0.0,0.0,0.0
V1VJK40_0,False,3,4.53333333333,5.33333333333,4.86666666667,13.0,16.0666666667,21.9333333333
VQGFY00_1,True,3,2.06666666667,1.93333333333,2.06666666667,1.6,2.26666666667,2.2
VQGFY00_0,True,3,1.33333333333,1.93333333333,0.866666666667,1.73333333333,1.6,1.6
V2ZUI60_0,True,2,0.2,0.0,0.3,0.2,0.3,0.1
VGLKW40_0,True,1,7.4,9.4,12.0,1.8,4.2,3.8
V6141E0_0,False,1,7.6,7.6,8.0,7.6,6.0,4.4
V1001A0_0,False,2,2.6,2.7,1.3,2.4,3.3,5.5
VVCGQ40_0,True,3,2.6,2.66666666667,3.26666666667,3.33333333333,3.66666666667,4.73333333333
V8250E1_0,True,3,1.8,2.4,1.8,2.33333333333,1.66666666667,2.06666666667
VP8GX00_1,True,3,1.6,0.733333333333,0.933333333333,1.0,0.666666666667,0.933333333333
VP8GX00_0,True,3,0.8,1.73333333333,1.33333333333,1.53333333333,1.73333333333,2.0
V1221E0_0,False,1,3.4,3.2,3.2,4.2,5.6,4.2
VTTIF00_1,True,3,1.6,0.533333333333,0.733333333333,1.0,0.933333333333,0.733333333333
VTTIF00_0,True,2,7.3,5.8,6.5,6.0,6.4,7.0
V12F2E0_0,False,1,2.4,2.8,2.2,2.4,2.0,2.6
VSGRX60_1,True,2,1.9,1.7,2.3,2.4,2.8,2.7
VSGRX60_0,True,2,0.6,1.5,0.7,0.7,0.8,0.8
VIPIZ60_2,True,1,0.0,0.0,0.0,0.0,0.0,0.0
VIPIZ60_0,True,3,0.0,0.0,0.0,0.0,0.0,0.0
V8030A0_0,False,3,2.73333333333,2.13333333333,2.46666666667,2.4,2.6,2.33333333333
VJCTT20_0,True,2,11.1,16.9,13.7,3.7,4.8,4.5
VLRJX00_1,True,3,0.933333333333,1.0,0.6,0.8,0.466666666667,1.06666666667
VLRJX00_0,True,3,1.4,3.46666666667,1.73333333333,3.46666666667,1.73333333333,2.53333333333
VFYKD01_1,True,3,0.533333333333,1.46666666667,0.733333333333,1.06666666667,0.6,0.6
VFYKD01_0,True,3,0.4,0.733333333333,0.666666666667,0.6,0.733333333333,0.733333333333
V4090H0_0,False,3,1.8,1.46666666667,1.33333333333,1.06666666667,1.53333333333,1.0
VK7KP40_0,True,1,13.6,18.0,10.0,17.0,14.2,9.6
VMEJW40_1,True,2,1.7,1.1,0.7,1.0,1.0,1.1
VMEJW40_0,True,2,10.0,23.8,19.3,13.6,10.3,9.3
VIVS602_2,True,3,0.0,0.0,0.0,0.0,0.0,0.0
VIVS602_0,True,3,0.0,0.0,0.0,0.0,0.0,0.0
VL7SU60_0,True,2,1.1,0.4,0.8,0.8,0.9,1.5
VHZC820_1,True,2,1.1,0.6,0.9,0.6,0.8,0.4
VHZC820_0,True,2,1.2,1.2,1.6,0.9,1.2,0.8
V5B2R20_0,True,3,2.13333333333,2.26666666667,2.46666666667,2.73333333333,2.66666666667,2.53333333333
VPHKR40_0,True,2,0.4,0.7,1.2,1.7,0.7,0.8
VIGHK20_1,True,3,0.666666666667,0.533333333333,0.466666666667,0.6,0.666666666667,0.533333333333
VIGHK20_0,True,1,2.8,1.2,0.4,2.4,0.4,1.4
V12D2E0_0,False,1,1.4,1.6,0.8,1.2,2.0,1.0
VM6GJ00_1,True,2,0.0,0.0,0.0,0.0,0.0,0.0
VM6GJ00_0,True,2,1.8,2.6,1.4,1.9,1.4,1.6
VN5IG00_0,True,1,3.0,6.8,3.8,4.0,7.4,8.6
V52C0E0_0,False,2,12.7,12.3,13.3,13.2,13.1,13.2
VIKPW61_0,True,2,0.0,0.0,0.0,0.0,0.0,0.0
V4291E0_0,False,1,2.2,1.2,2.6,2.6,1.8,1.6
VGIA660_0,False,2,0.5,0.6,0.7,1.2,0.8,0.5
V1220E0_0,False,2,30.4,20.6,15.4,23.9,18.6,13.2
V2330G0_0,False,2,2.1,1.5,1.8,2.0,2.4,1.4
V1241E0_0,False,2,3.6,4.2,4.0,4.0,3.3,4.2
V6110C0_0,False,2,0.3,0.2,0.6,0.6,0.9,0.2
VG7EQ00_1,True,1,0.0,0.0,0.0,0.0,0.0,0.0
VG7EQ00_0,True,1,0.0,0.0,0.0,0.0,0.0,0.0
VSNRE00_1,True,1,3.0,1.75,2.4,1.8,1.8,1.6
VSNRE00_0,True,1,2.2,1.75,1.2,1.0,1.2,1.0
VB9L800_1,True,3,1.53333333333,2.26666666667,1.6,2.6,1.66666666667,3.08333333333
VB9L800_0,True,3,3.2,4.26666666667,2.06666666667,5.0,1.66666666667,4.66666666667
V7HMH00_0,True,1,2.8,5.0,6.0,2.2,2.6,2.8
VN0B0E3_0,False,2,0.7,0.5,0.4,0.9,0.8,0.7
VFYKD00_0,True,4,1.0,2.0,1.4,1.35,1.05,1.55
VLKSH01_0,False,1,0.0,0.2,0.2,0.0,0.6,0.0
VH6CN60_1,True,1,0.0,0.2,0.6,0.2,0.6,0.4
VH6CN60_0,True,1,0.2,0.0,0.2,0.2,0.0,0.0
VX7FU40_0,True,4,3.0,1.85,3.85,3.35,3.2,3.2
VN2B0E3_0,False,2,0.0,0.0,0.0,0.0,0.0,0.0
V1NMM20_1,True,2,5.9,5.4,4.5,7.8,6.1,8.1
V1NMM20_0,True,2,0.7,0.6,0.7,0.9,1.1,0.9
V6330G5_0,False,2,1.3,1.2,1.2,1.0,1.1,1.4
VEFMN60_0,True,3,2.26666666667,1.6,2.66666666667,2.46666666667,1.93333333333,2.13333333333
VTGFS00_1,True,3,2.33333333333,3.6,3.33333333333,3.26666666667,4.0,2.6
VTGFS00_0,True,3,4.4,5.13333333333,4.66666666667,5.13333333333,4.66666666667,3.33333333333
V8020A0_0,False,3,1.53333333333,2.0,1.0,1.73333333333,2.33333333333,1.06666666667
VN0E0E2_0,False,2,2.0,2.0,2.0,2.0,2.0,2.0
VN0B0E0_0,False,1,3.2,2.4,3.6,3.0,2.0,3.8
VDENZ00_0,True,2,5.4,3.9,7.625,4.4,7.8,3.9
V1SNV00_1,True,1,1.6,1.6,2.0,1.8,2.0,3.4
V1SNV00_0,True,1,2.8,3.0,2.4,3.4,1.4,4.4
VM64J20_2,True,2,2.2,2.7,2.0,2.0,2.6,1.5
VM64J20_0,True,2,4.0,3.6,3.7,3.4,4.3,3.9
VKP4L00_0,True,1,1.8,0.8,0.6,1.6,1.6,1.4
VH9H820_0,True,3,1.06666666667,1.86666666667,1.26666666667,1.66666666667,1.2,1.93333333333
VU8EF20_1,False,2,0.0,0.0,0.0,0.0,0.0,0.0
VU8EF20_0,False,3,0.0,0.0,0.0,0.0,0.0,0.0
VL6IA60_1,True,1,8.2,10.4,7.2,6.8,5.8,4.4
VL6IA60_0,True,1,5.2,1.6,6.0,2.2,2.6,1.6
VP5KR62_1,True,2,7.0,6.9,3.0,7.4,5.9,6.1
VP5KR62_0,True,2,1.2,1.1,2.5,1.1,2.7,1.6
V4230B0_0,False,3,1.33333333333,1.0,1.53333333333,0.933333333333,1.26666666667,1.26666666667
VN0C0E1_0,False,1,2.6,3.2,1.8,1.6,1.0,2.8
V6171C0_0,False,2,0.8,1.0,0.7,1.1,1.2,0.9
VHMML20_0,True,2,3.5,1.6,3.6,3.8,4.3,2.4
VGTPW50_0,True,3,1.93333333333,1.8,0.0,1.6,0.0,0.0
VJGMT20_0,True,3,2.73333333333,1.66666666667,2.93333333333,2.0,2.53333333333,1.93333333333
VMBWS20_1,True,1,0.8,1.2,0.8,0.4,0.4,0.6
VMBWS20_0,True,3,2.8,2.0,3.06666666667,2.33333333333,3.0,3.66666666667
V0130A0_0,False,3,2.33333333333,2.13333333333,2.8,2.6,3.26666666667,2.26666666667
V42F2E0_0,False,1,0.6,0.0,1.0,0.2,0.0,0.4
VU9NA40_0,True,2,5.2,5.0,4.9,6.7,5.6,4.1
VH7E760_1,True,1,0.0,0.0,0.0,0.0,0.2,0.0
VH7E760_0,True,1,0.0,0.0,0.0,0.0,0.0,0.0
VU5QC60_0,True,4,1.6,1.1,4.6,0.2,0.35,0.55
VELJA00_1,True,3,2.53333333333,3.66666666667,2.4,2.13333333333,1.8,2.53333333333
VELJA00_0,True,3,2.0,1.53333333333,2.4,1.86666666667,2.66666666667,1.0
VGHN840_1,True,2,3.4,10.2,4.3,7.2,4.5,7.1
VGHN840_0,True,2,1.1,1.9,1.0,1.6,2.0,1.8
VG7PG50_2,True,2,23.0,19.5,24.7,27.9,24.4,28.6
VG7PG50_3,True,2,0.1,1.0,0.7,0.9,1.1,1.9
VKXET60_0,True,2,2.5,2.3,2.0,2.1,1.4,2.4
VH7E720_1,True,1,0.0,0.0,0.0,0.2,0.0,0.2
VH7E720_0,True,1,0.0,0.2,0.2,0.4,0.4,0.2
VLNPU40_1,True,2,3.9,5.9,7.9,3.8,6.4,2.6
VLNPU40_0,True,1,3.8,5.8,7.6,7.6,4.6,4.2
VN2D0E0_0,False,1,0.6,1.0,1.0,1.0,1.0,0.6
VGKCG40_1,True,3,1.33333333333,1.13333333333,1.06666666667,0.866666666667,0.933333333333,0.666666666667
VGKCG40_0,True,3,0.8,1.06666666667,1.2,1.6,1.53333333333,1.2
V6380E0_0,False,2,0.0,0.0,0.0,0.0,0.0,0.0
V3311G0_0,False,2,1.4,2.2,1.2,1.8,1.6,2.8
V5260E0_0,False,2,3.4,3.5,4.2,3.6,4.5,3.4
V6330G2_0,False,2,1.4,1.2,1.5,1.2,1.2,1.8
V1IUI20_1,True,1,0.0,0.0,0.0,0.0,0.0,0.0
V1IUI20_0,True,1,0.0,0.0,0.0,0.0,0.0,0.0
VHNJV20_0,True,2,2.9,3.1,2.0,2.2,2.5,2.7
VMYN820_1,True,3,4.46666666667,2.53333333333,3.4,3.4,3.66666666667,1.93333333333
VMYN820_0,True,3,1.4,1.33333333333,1.33333333333,1.53333333333,1.93333333333,1.4
V2LSS20_1,True,1,4.6,4.4,5.8,5.6,3.2,4.4
V2LSS20_0,True,1,2.8,2.8,2.8,2.6,4.8,4.0
VJFPW60_0,True,4,0.5,0.125,0.2,0.0,0.75,0.15
V8050A0_0,False,2,1.0,1.0,1.1,1.2,1.4,1.2
VJFQQ00_2,True,2,3.0,0.0,0.0,0.0,0.0,0.0
VJFQQ00_0,True,2,7.5,0.0,0.0,0.0,0.0,0.0
V4081G0_0,False,2,0.4,0.4,0.2,0.7,0.1,0.4
VKWNV20_1,True,2,13.1,10.4,10.0,9.1,12.1,7.6
VKWNV20_0,True,1,6.8,6.8,6.2,2.6,6.2,3.6
VLAKQ20_0,True,3,0.8,3.4,2.53333333333,3.2,2.6,2.6
V10C0A0_0,False,3,7.33333333333,7.4,8.33333333333,8.93333333333,9.0,9.0
VMDL800_1,True,1,5.6,3.4,3.8,2.2,4.2,4.0
VMDL800_0,True,1,5.4,6.4,4.8,5.8,6.0,5.2
VGYS640_0,True,2,2.0,0.0,1.0,0.835,0.25,0.4
V1040A0_0,False,3,6.0,5.46666666667,5.46666666667,4.93333333333,5.26666666667,4.4
VMAZC60_0,True,2,5.4,5.3,5.7,6.0,4.8,5.8
VJERC40_0,True,2,2.8,3.4,0.9,1.5,1.8,0.1
VHLM800_1,True,3,2.0,2.4,1.73333333333,2.13333333333,1.4,1.73333333333
VHLM800_0,True,3,2.0,2.93333333333,1.4,2.66666666667,1.06666666667,2.93333333333
VRKQZ40_1,True,1,3.0,2.8,4.4,2.6,1.6,3.4
VRKQZ40_0,True,1,4.2,4.2,3.2,2.6,4.0,1.6
V5AAF61_0,True,3,4.75,4.11,4.13333333333,5.26666666667,5.06666666667,4.86666666667
VYLJ620_0,True,3,2.0,1.73333333333,1.6,1.46666666667,2.0,1.4
V52D0E0_0,False,2,2.6,2.5,2.9,2.5,3.6,2.7
VCPKT41_1,True,4,4.4,4.3,10.0,4.6,6.4,4.2
VJCHS40_0,True,3,2.13333333333,2.06666666667,5.73333333333,9.46666666667,2.33333333333,0.933333333333
V6320G1_0,False,2,1.0,1.0,0.8,1.2,1.2,1.0
VSEMV60_1,True,2,2.0,1.2,1.8,2.1,1.4,2.2
VSEMV60_0,True,1,4.4,5.8,5.2,6.0,5.6,3.2
VINKW20_1,True,1,2.6,2.0,2.0,2.0,4.75,14.0
VINKW20_0,True,3,6.53333333333,6.53333333333,9.46666666667,5.26666666667,9.26666666667,7.33333333333
V03B0G0_0,False,3,10.1333333333,9.2,9.0,9.53333333333,9.53333333333,10.8
V5050A0_0,False,3,1.0,0.933333333333,0.866666666667,0.666666666667,0.8,0.666666666667
V03A0G0_0,False,2,13.3,15.8,2.0,11.0,6.7,9.5
V1CPB00_1,True,1,0.0,0.0,0.0,0.0,0.0,0.0
V1CPB00_0,True,1,0.0,0.0,0.0,0.0,0.0,0.0
VTYXQ60_0,True,2,1.1,0.9,1.4,2.0,1.9,0.7
VFNNH40_1,True,1,9.0,7.2,7.6,8.2,9.8,8.0
VFNNH40_0,True,1,15.0,9.8,11.2,9.4,10.8,7.8
V1010A0_0,False,2,4.9,5.5,4.7,6.0,4.4,4.6
VN2C0E0_0,False,1,1.2,1.4,1.0,1.2,1.0,1.2
VSEMA00_1,False,3,6.4,4.53333333333,6.0,4.93333333333,5.73333333333,4.26666666667
VSEMA00_0,False,3,1.33333333333,1.2,1.13333333333,1.26666666667,1.66666666667,1.0
V03E0G0_0,False,2,15.1,15.9,13.6,15.6,15.1,15.5
V12G2E0_0,False,2,7.7,17.0,27.6,6.8,11.3,10.2
VEFMN20_0,True,2,8.4,7.1,7.2,6.3,8.9,6.9
VLGGYA0_0,False,1,2.0,0.4,0.4,0.2,0.6,0.6
V6140C0_0,False,2,11.6,8.7,12.8,6.2,9.6,6.9
V4271C0_0,False,1,2.8,3.4,2.6,4.4,3.2,4.4
VN5JX20_2,True,3,36.7333333333,42.5,37.9333333333,46.3333333333,52.3333333333,30.2833333333
VN5JX20_0,True,3,50.4666666667,61.7333333333,60.1666666667,53.1,65.4333333333,58.8
VQRTE00_1,True,2,21.2,20.1,43.9,48.0,49.6,49.7
VQRTE00_0,True,2,41.1,41.8,27.3,8.8,7.0,4.0
VT8SZ60_0,True,2,1.3,0.2,1.1,1.1,0.7,0.3
VMUGG20_1,True,1,6.2,7.6,7.4,5.8,3.8,2.4
VMUGG20_0,True,1,10.4,10.6,10.4,14.2,17.0,17.4
V1011A0_0,False,1,6.8,9.2,5.0,7.4,6.4,5.0
VG8IK40_1,True,2,3.0,1.4,2.4,2.1,2.0,1.5
VG8IK40_0,True,2,4.6,3.5,5.0,3.0,3.2,3.0
VE7GH40_0,False,1,2.2,1.6,1.8,2.4,1.4,2.4
VEZPT20_0,True,2,2.7,5.5,3.4,9.0,3.3,7.0
VPLJF00_1,True,1,3.2,3.4,2.8,3.4,3.8,3.2
VPLJF00_0,True,1,2.8,3.4,3.6,3.0,4.6,6.8
V10E2A0_0,False,1,4.0,3.0,3.8,3.6,3.0,3.0
VLEWX20_1,True,2,13.7,8.2,11.2,9.4,15.2,12.8
VLEWX20_0,True,2,29.4,32.9,29.0,44.0,29.7,31.2
V1NQM40_1,True,1,0.0,0.0,0.0,0.0,0.0,0.0
V1NQM40_0,True,1,0.0,0.0,0.0,0.0,0.0,0.0
V4070G0_0,False,2,3.9,3.5,3.0,3.0,3.9,2.5
VFWBS00_1,True,2,1.2,1.9,1.4,1.5,1.3,1.3
VFWBS00_0,True,2,1.9,2.6,2.3,2.2,1.5,2.6
V4261E0_0,False,1,3.2,3.2,4.8,2.8,3.4,4.0
VKJJP20_0,True,2,15.6,5.6,3.375,3.3,4.6,3.4
VLV3D60_0,True,2,1.8,2.9,0.875,2.25,2.1,1.4
V0UVS20_1,True,1,0.0,0.0,0.0,0.0,0.0,0.0
V0UVS20_0,True,1,0.0,0.0,0.0,0.0,0.0,0.0
VI6I900_0,True,2,1.2,1.4,0.5,1.2,1.3,1.8
VNZQA20_0,True,3,2.06666666667,2.0,2.33333333333,2.06666666667,2.6,1.86666666667
VJQJI20_1,True,3,0.0,0.0,0.0,0.0,0.0,0.0
VJQJI20_0,True,3,0.0,0.0,0.0,0.0,0.0,0.0
V7230E0_0,False,2,3.0,2.1,1.7,2.0,1.5,2.0
V6330G8_0,False,2,1.5,1.3,1.4,1.7,1.5,1.9
VLTEQ40_1,True,1,2.0,1.4,1.4,0.0,1.6,1.2
VLTEQ40_0,True,1,2.4,2.6,1.8,0.2,1.2,1.4
V42B0D0_0,False,2,2.1,2.1,2.6,2.9,2.7,2.6
V10D2A0_0,False,1,2.8,3.4,4.6,2.4,5.8,3.6
VILPI20_2,True,1,5.2,3.5,2.4,10.0,8.0,0.0
VILPI20_0,True,3,2.0,1.08333333333,0.533333333333,2.16666666667,1.22,0.0
V58AH60_0,True,3,4.2,4.8,3.86666666667,4.6,5.2,5.93333333333
VDKJT00_1,True,2,1.2,1.6,1.9,1.2,1.5,1.3
VDKJT00_0,True,1,6.4,6.0,8.8,6.8,7.8,6.0
VU5IF00_1,True,2,11.0,5.6,4.8,6.6,4.4,4.6
VU5IF00_0,True,2,8.9,8.5,7.9,8.3,9.4,8.7
VCPKT40_0,True,3,1.13333333333,0.666666666667,1.33333333333,1.2,1.4,1.6
VNZ4641_0,True,2,10.7,8.1,6.1,6.9,12.6,16.2
VMZM900_0,True,3,8.66666666667,4.93333333333,3.26666666667,5.0,2.8,4.66666666667
V0150C0_0,False,3,3.26666666667,2.4,2.93333333333,2.93333333333,3.6,2.2
VIPIZ61_1,True,2,0.0,0.0,0.0,0.0,0.0,0.0
VIPIZ61_0,True,2,0.0,0.0,0.0,0.0,0.0,0.0
VI6NV00_1,True,2,7.0,7.0,3.5,8.6,4.9,4.2
VI6NV00_0,True,2,10.375,12.2,1.3,4.4,4.2,3.3
VGTHG00_1,True,3,4.06666666667,4.86666666667,4.4,5.4,6.2,5.93333333333
VGTHG00_0,True,3,1.26666666667,1.33333333333,1.33333333333,1.6,1.53333333333,1.13333333333
VJFPW01_1,True,2,0.2,0.5,0.3,0.3,0.9,0.0
VJFPW01_0,True,2,2.9,0.2,4.7,0.4,1.5,0.0
VKWN800_1,True,2,51.8,52.2,52.0,51.8,51.4,52.0
VKWN800_0,True,2,7.9,9.3,4.6,10.2,3.2,8.2
VLAFP60_0,True,2,4.8,3.3,4.4,4.6,4.8,3.7
VJMHU60_1,True,1,0.2,0.2,0.0,0.2,0.0,0.0
VJMHU60_0,True,1,0.0,0.0,0.2,0.0,0.0,0.2
V0130A1_0,False,3,2.33333333333,1.86666666667,2.6,2.0,2.66666666667,1.66666666667
VFVGM00_1,True,2,1.6,1.0,0.7,1.4,0.9,2.1
VFVGM00_0,True,2,0.7,1.3,0.6,1.3,1.3,1.6
V9040A0_0,False,3,0.0,0.0,0.0,0.0,0.0,0.0
VIQDB00_0,True,2,5.1,4.3,4.3,5.6,4.8,3.3
VJES820_2,True,3,0.0,0.0,0.0,0.0,0.0,0.166666666667
VJES820_0,True,3,0.0,0.0,0.166666666667,0.0,1.22333333333,0.333333333333
VJERC51_0,True,2,0.0,0.0,0.0,0.0,0.0,0.125
VGMFQ20_1,True,2,0.7,1.0,1.3,1.0,0.9,1.2
VGMFQ20_0,True,2,2.3,2.3,1.5,1.9,1.6,2.4
V3110C0_0,False,3,1.4,1.4,1.46666666667,1.73333333333,1.13333333333,1.33333333333
VQGFY01_1,True,3,0.866666666667,1.73333333333,1.66666666667,1.86666666667,1.86666666667,2.26666666667
VQGFY01_0,True,3,0.8,0.466666666667,0.333333333333,0.533333333333,0.4,0.466666666667
VF9KW60_1,True,3,3.2,5.4,4.0,5.2,4.6,8.0
VF9KW60_0,True,3,3.4,2.4,2.86666666667,2.86666666667,2.46666666667,2.2
V42K2C1_0,False,1,2.6,2.0,1.6,1.8,1.8,2.4
VXJHS00_1,True,1,2.0,2.0,1.2,1.2,3.4,2.4
VXJHS00_0,True,1,1.4,0.8,2.6,2.4,2.6,1.8
VTVXH20_0,True,2,3.1,3.5,5.0,4.0,5.0,3.5
VK6NY60_0,True,2,12.4,14.2,20.9,39.0,36.2,41.6
VENCU40_0,True,2,2.0,4.1,1.9,2.1,3.1,1.9
V4280C0_0,False,2,2.9,3.8,3.0,3.8,3.5,4.4
VFPMQ20_0,True,2,18.2,15.3,8.5,10.6,11.0,16.2
V4040H1_0,False,2,1.2,0.8,0.4,0.8,0.8,0.0
VHLNV00_1,True,1,2.2,5.6,1.6,0.6,2.4,1.0
VHLNV00_0,True,1,0.4,1.0,1.0,0.8,0.4,0.0
VNDRK20_1,True,1,2.2,2.4,2.0,1.4,2.2,1.0
VNDRK20_0,True,1,2.8,0.6,2.0,1.4,2.4,0.8
VKLLH20_1,True,2,3.2,4.0,1.4,3.0,3.3,1.6
VKLLH20_0,True,1,9.0,5.0,26.4,7.6,10.0,3.6
VMLXB00_1,True,2,3.5,2.7,2.5,2.4,2.5,2.5
VMLXB00_0,True,2,3.7,3.8,4.5,5.2,4.2,3.1
VQEJY00_1,True,3,2.6,1.8,1.4,2.2,1.26666666667,2.13333333333
VQEJY00_0,True,3,1.06666666667,1.86666666667,1.13333333333,1.4,0.933333333333,1.26666666667
VINKW40_0,True,3,2.53333333333,2.13333333333,1.6,2.0,2.66666666667,2.93333333333
V03C0G0_0,False,2,10.7,11.1,9.675,9.7,11.9,10.4
VQGF701_1,True,3,4.0,3.33333333333,4.53333333333,3.73333333333,4.86666666667,3.53333333333
VQGF701_0,True,2,2.8,3.0,2.9,3.0,3.1,2.4
VS9TE00_1,True,2,8.8,8.9,10.6,6.7,7.7,8.0
VS9TE00_0,True,1,1.2,0.8,1.8,0.8,1.0,0.6
VHKQP20_2,True,1,4.8,5.2,7.8,6.6,3.2,3.0
VHKQP20_0,True,2,0.4,0.8,1.6,0.4,0.7,0.1
VJWJ700_0,True,2,0.6,0.5,1.0,0.5,0.1,0.8
VF9M500_0,True,2,11.2,9.9,9.3,16.175,15.2,15.2
VPYIH00_0,True,1,13.6,8.6,10.0,9.4,7.8,15.0
V4031A0_0,False,1,0.8,0.4,0.4,0.2,0.6,0.6
V1050A0_0,False,3,5.6,3.73333333333,5.06666666667,3.86666666667,5.26666666667,4.8
V6351G0_2,False,1,15.6,9.0,21.2,7.2,10.4,7.0
V6351G0_0,False,1,0.6,0.4,1.4,0.2,0.4,0.4
VB5PL40_1,True,1,3.2,3.2,4.4,2.8,3.2,3.4
VB5PL40_0,True,1,6.4,8.2,9.8,10.0,14.0,11.6
V4050G0_0,False,2,2.4,2.5,2.2,2.9,2.2,2.0
V5070A0_0,False,3,2.93333333333,2.33333333333,2.2,2.73333333333,2.73333333333,3.26666666667
V0112A0_0,False,1,4.4,4.0,2.4,3.4,4.0,3.6
V4231C0_0,False,1,2.0,1.6,1.0,1.2,2.0,2.8
VMZL961_1,True,1,2.0,2.4,2.6,2.2,2.6,3.0
VMZL961_0,True,2,8.6,4.8,10.0,3.7,5.4,6.625
V6360G1_0,False,2,1.1,1.2,1.7,1.1,1.8,0.8
VHX4E40_0,True,1,0.4,0.0,0.2,0.0,1.2,0.6
V4210D0_0,False,3,1.53333333333,1.06666666667,1.06666666667,1.2,1.4,1.33333333333
V6160C4_0,False,2,1.1,1.7,1.3,1.1,1.4,1.1
VJTJ960_1,True,1,2.2,0.8,2.4,1.6,1.6,0.8
VJTJ960_0,True,1,1.6,1.2,2.2,1.0,1.4,2.2
VLYGU40_1,True,3,1.66666666667,2.33333333333,1.53333333333,1.4,1.4,2.2
VLYGU40_0,True,3,1.4,1.33333333333,1.8,1.06666666667,1.73333333333,1.8
VGYS7A0_0,False,2,0.0,0.2,0.0,0.0,0.0,0.0
VIME560_0,True,2,0.3,1.2,1.0,0.5,1.0,0.2
VJQEB00_0,True,2,0.6,0.4,0.5,0.8,0.6,0.8
V03D0G1_0,False,3,9.6,10.1333333333,8.46666666667,10.0,9.2,8.66666666667
V9060A0_0,False,3,17.2,0.266666666667,0.4,0.533333333333,0.4,0.466666666667
VLY4920_0,True,2,5.0,5.6,4.7,4.9,6.1,5.6
V3120C0_0,False,2,1.1,1.0,0.9,0.8,0.8,0.8
VNXPC60_0,True,3,5.6,4.93333333333,3.4,2.46666666667,2.93333333333,2.66666666667
V42B1E0_0,False,1,13.2,12.4,21.4,18.6,21.8,13.0
VJDST20_0,True,3,11.6,10.0666666667,6.11,5.8,6.06666666667,9.53333333333
VKE4M40_0,True,1,4.0,2.8,1.8,2.2,3.4,1.6
VK5IE20_1,True,3,0.866666666667,1.4,0.866666666667,1.46666666667,0.8,1.33333333333
VK5IE20_0,True,3,0.8,1.4,0.666666666667,1.0,0.466666666667,0.933333333333
V0160C0_0,False,2,2.2,2.9,2.5,2.7,2.9,2.7
VNUNJ00_1,True,1,0.2,0.2,0.4,0.8,0.0,0.2
VNUNJ00_0,True,2,2.1,2.3,1.7,2.4,1.3,3.1
VSXTK20_0,True,2,4.5,6.8,3.2,5.4,3.5,3.3
VP5KR60_1,True,2,1.0,0.9,3.0,1.2,2.6,2.7
VP5KR60_0,True,2,16.6,4.8,11.65,5.3,11.7,4.8
V6180A1_0,False,2,2.4,3.5,4.1,3.9,3.6,3.0
VIMNN00_1,True,1,0.2,1.0,0.4,0.8,0.0,0.0
VIMNN00_0,True,1,1.2,2.2,1.4,0.4,0.4,0.4
VUIFC60_0,True,3,6.73333333333,7.26666666667,8.53333333333,7.26666666667,7.53333333333,7.13333333333
VQEUU60_1,True,2,6.1,3.4,4.7,1.8,4.9,2.4
VQEUU60_0,True,2,5.9,6.3,5.2,2.3,3.3,3.8
VLRIF40_1,True,2,4.1,4.3,2.3,4.2,7.5,9.3
VLRIF40_0,True,2,1.9,1.0,1.0,0.5,1.7,0.5
V6310G0_0,False,3,0.933333333333,1.06666666667,0.933333333333,1.26666666667,1.13333333333,1.06666666667
VQKWL40_1,True,2,0.0,0.0,0.0,0.0,0.0,0.0
VQKWL40_0,True,2,0.0,0.0,0.0,0.0,0.0,0.0
VND3C20_1,True,1,0.0,0.0,0.0,0.0,0.0,0.0
VND3C20_0,True,1,0.0,0.0,0.0,0.0,0.0,0.0
VSQVZ20_0,True,2,5.4,4.0,5.7,2.6,4.1,3.2
VILNY60_0,True,2,0.0,0.0,0.0,0.0,0.0,0.0
VLXZ720_1,True,3,0.0,0.0,0.0666666666667,0.0666666666667,0.0,0.0666666666667
VLXZ720_0,True,2,0.5,0.5,0.7,0.4,0.3,0.2
V1020A1_0,False,3,6.2,4.93333333333,5.4,6.2,5.46666666667,4.86666666667
V6150C0_0,False,2,3.0,3.1,2.8,2.5,2.8,1.8
VN2E0E0_0,False,2,2.0,3.0,1.7,2.3,2.3,2.8
VMQGX40_1,True,3,0.2,0.866666666667,0.466666666667,0.6,0.333333333333,0.8
VMQGX40_0,True,3,1.2,1.33333333333,1.93333333333,1.46666666667,1.53333333333,1.26666666667
VIPJA20_1,True,1,0.4,0.4,0.8,1.6,1.2,2.4
VIPJA20_0,True,3,3.0,1.4,2.86666666667,3.06666666667,2.4,1.93333333333
VH6DG00_1,True,1,0.8,1.0,0.4,1.0,0.8,2.2
VH6DG00_0,True,1,0.4,1.2,0.6,0.6,1.4,0.6
VE4A420_1,True,1,2.2,2.0,3.0,1.4,2.4,2.6
VE4A420_0,True,1,6.6,4.2,6.8,5.8,6.0,4.6
VSVI940_0,True,3,1.93333333333,1.26666666667,1.4,1.73333333333,1.33333333333,1.46666666667
V52I2E0_0,False,1,2.2,1.8,1.6,2.2,3.0,2.4
V6121A0_0,False,1,0.8,0.4,0.8,0.6,1.0,0.8
VN2D0E2_0,False,3,2.26666666667,3.73333333333,3.06666666667,3.6,3.06666666667,3.53333333333
VNXPC00_1,True,1,10.6,8.2,7.2,10.2,8.8,6.2
VNXPC00_0,True,1,2.0,4.0,2.8,2.8,2.0,2.6
V4060G0_0,False,2,2.2,3.6,2.1,3.4,1.7,2.1
V2PK0E0_0,False,1,4.4,4.8,3.8,4.4,3.0,4.8
VP6JY40_0,True,3,0.466666666667,0.866666666667,0.4,0.666666666667,0.666666666667,1.13333333333
V5070A1_0,False,2,2.7,2.7,2.2,3.0,2.1,3.4
V4080G0_0,False,2,1.0,1.6,1.0,1.5,1.3,1.3
V4290C0_0,False,2,1.6,1.7,1.8,0.9,2.1,1.8
VMTR600_1,True,1,5.2,2.8,1.6,5.6,4.4,3.2
VMTR600_0,True,1,2.4,1.2,2.4,2.2,1.8,1.0
VSSWC60_0,True,2,5.8,4.5,5.4,4.7,3.7,3.8
VN5HV60_1,True,1,10.4,9.6,14.0,10.0,11.8,9.0
VN5HV60_0,True,1,0.6,1.4,1.8,1.6,1.4,1.0
VGYER20_1,True,2,4.8,3.1,4.7,3.4,4.8,3.5
VGYER20_0,True,2,0.8,1.0,1.1,0.5,1.6,0.6
VS6TI00_1,True,1,7.2,7.6,6.0,6.6,7.4,9.4
VS6TI00_0,True,1,7.2,3.0,1.8,2.0,3.8,4.0
V50C2A0_0,False,1,1.2,1.0,0.8,0.6,1.0,1.4
VKVJB60_1,True,1,0.0,0.0,0.0,0.0,0.0,0.0
VKVJB60_0,True,1,0.0,0.0,0.0,0.0,0.0,0.0
VN0C0E2_0,False,2,3.9,4.3,3.9,3.3,2.4,3.9
VN2C0E2_0,False,1,0.0,0.0,0.0,0.0,0.0,1.0
V5051A0_0,False,1,6.2,4.6,5.8,5.8,5.2,7.2
VAWVC20_1,True,1,3.2,1.4,2.0,5.4,3.6,2.8
VAWVC20_0,True,1,1.4,1.2,2.2,1.0,0.6,1.0
VJPEI40_0,True,2,2.6,4.1,2.4,3.0,2.4,2.6
VF9KB00_1,True,3,0.2,0.333333333333,0.266666666667,0.4,0.666666666667,0.533333333333
VF9KB00_0,True,3,1.66666666667,1.33333333333,1.0,0.533333333333,1.06666666667,0.866666666667
VDTJT00_0,True,2,2.0,2.9,1.6,1.5,1.7,2.1
VCNKM20_0,True,2,14.6,9.3,16.5,26.1,22.5,25.4
VNF3G20_1,True,1,4.8,5.4,3.6,4.0,2.8,3.2
VNF3G20_0,True,1,0.6,0.6,1.0,0.8,0.4,0.8
VKZQW20_1,True,2,11.0,11.5,12.0,8.1,3.8,4.4
VKZQW20_0,True,1,14.4,6.4,7.4,5.8,10.4,4.8
V9050A0_0,False,3,0.466666666667,0.266666666667,0.266666666667,0.4,0.6,0.133333333333
V6151C0_2,False,1,3.4,1.8,1.6,1.25,0.8,3.6
V6151C0_0,False,1,8.8,10.67,11.33,9.0,9.0,11.4
V1290E0_0,False,3,3.06666666667,4.2,2.93333333333,3.33333333333,4.0,4.0
V42I2E0_0,False,1,1.6,0.6,1.6,1.0,1.0,1.0
VAGPE40_1,True,1,4.8,2.2,4.4,3.4,5.2,3.8
VAGPE40_0,True,1,1.0,0.8,1.0,1.2,1.0,1.0
VHWGD60_1,True,2,1.9,2.9,2.3,2.3,2.1,2.6
VHWGD60_0,True,2,9.8,7.2,6.6,8.2,8.0,6.4
VJHKR40_0,True,3,1.73333333333,0.8,1.13333333333,1.73333333333,1.8,1.46666666667
VMTG520_1,True,1,3.8,2.8,3.6,4.8,9.6,6.2
VMTG520_0,True,1,2.8,2.6,1.6,2.0,1.8,1.4
VJCTT60_0,True,3,2.2,2.66666666667,2.13333333333,2.33333333333,1.6,2.73333333333
VPDS600_1,True,2,2.9,3.375,1.8,3.0,4.625,4.6
VPDS600_0,True,2,4.8,2.25,1.8,2.875,2.625,2.4
V5AAF60_1,True,3,0.0,0.0,0.0,0.0,0.0,0.0
V5AAF60_0,True,3,0.0,0.0,0.0,0.0,0.0,0.0
VIKPW00_0,True,2,11.0,23.5,12.8,23.8,10.0,18.0
VSKTL00_0,True,2,4.1,5.2,4.7,3.3,4.6,4.0
VHBGA01_1,True,2,1.1,1.3,0.8,1.0,1.2,0.9
VHBGA01_0,True,2,1.4,0.6,1.0,1.3,1.7,0.5
V2120C0_0,False,2,1.3,1.2,1.1,1.5,1.1,1.6
V12E2E0_0,False,1,0.4,1.4,1.6,0.8,1.0,1.4
V1XLD00_1,True,2,3.1,3.0,2.3,2.6,2.8,2.7
V1XLD00_0,True,3,4.6,3.46666666667,4.53333333333,2.86666666667,3.06666666667,2.46666666667
VXWNW20_1,True,1,0.6,1.4,1.0,2.2,2.6,1.2
VXWNW20_0,True,1,4.4,2.0,4.8,3.0,4.8,2.6
VP8QY00_1,True,1,2.2,1.2,2.0,2.6,3.0,1.0
VP8QY00_0,True,1,2.6,1.6,2.0,2.0,2.6,1.8
VQKWL60_1,True,2,8.9,13.5,5.4,2.8,2.8,2.4
VQKWL60_0,True,2,1.2,0.8,0.9,1.2,3.6,1.0
VI9QP11_0,True,2,0.0,0.0,0.0,0.0,0.0,0.0
VP8GI20_0,True,3,3.73333333333,2.46666666667,3.06666666667,1.8,2.4,2.06666666667
V8220E0_0,False,2,0.0,0.0,0.0,0.0,0.0,0.0
V1080A0_0,False,2,6.4,5.8,6.4,6.8,7.2,7.5
VP8GI60_0,True,2,3.6,2.6,2.9,2.6,3.1,2.6
V5062G0_0,False,1,12.2,12.6,15.8,11.2,13.0,12.2
VRTHD40_1,True,3,1.8,1.26666666667,1.73333333333,1.66666666667,1.2,1.53333333333
VRTHD40_0,True,3,2.53333333333,1.2,2.73333333333,2.53333333333,3.6,2.66666666667
V8260E0_0,True,3,0.0,0.0,0.0,0.0,0.0,0.0
VHSIP20_0,True,2,1.8,1.1,1.5,1.1,1.4,1.0
VN8PT60_1,True,2,2.2,2.0,1.7,1.6,2.3,3.0
VN8PT60_0,True,1,6.8,12.6,5.0,9.4,7.2,6.2
V7JCE40_0,True,3,1.66666666667,1.2,1.6,1.06666666667,1.33333333333,0.4
VJERC52_0,True,2,0.0,0.0,0.0,0.0,0.0,0.0
VJTFX00_1,True,1,2.0,3.8,2.6,2.2,1.2,2.4
VJTFX00_0,True,2,0.1,0.2,0.0,0.8,0.3,0.8
VCCKW00_0,True,4,2.85,3.05,2.3,3.95,2.75,3.35
VJWJ740_0,True,2,1.7,1.1,1.2,0.8,1.8,1.1
VNZLJ40_1,True,1,0.0,0.0,0.0,0.0,0.0,0.0
VNZLJ40_0,True,1,2.8,3.0,3.6,4.2,3.0,3.8
VFTLH60_1,True,3,2.06666666667,1.66666666667,1.53333333333,1.33333333333,2.06666666667,1.13333333333
VFTLH60_0,True,3,0.466666666667,0.266666666667,0.2,0.4,0.266666666667,0.133333333333
VP5QG20_0,True,3,2.86666666667,1.86666666667,2.53333333333,1.66666666667,2.6,1.53333333333
V6120C0_0,False,2,9.875,3.3,5.5,2.9,3.3,2.1
VQEJF20_1,True,2,0.9,1.2,2.5,2.4,1.4,1.5
VQEJF20_0,True,2,3.0,2.5,3.7,3.7,4.0,3.4
VRGUF00_1,True,1,0.0,0.0,0.0,0.0,0.0,0.0
VRGUF00_0,True,1,0.0,0.0,0.0,0.0,0.0,0.0
VHFHU00_0,True,3,0.0,0.133333333333,0.0,0.0,0.133333333333,0.0
VRNIF00_1,True,2,0.0,0.0,0.0,0.0,0.0,0.0
VRNIF00_0,True,2,2.35,2.25,2.6,3.15,2.25,2.5
VG8IK60_1,True,2,1.1,0.8,2.1,0.7,0.6,1.2
VG8IK60_0,True,2,9.6,8.8,8.4,12.2,12.6,9.3
V6130C0_0,False,2,2.9,0.0,0.6,1.9,2.9,2.0
V52A0E0_0,False,2,7.8,8.1,9.7,9.4,9.5,9.5
VPWMA00_0,True,1,3.6,3.4,3.4,2.8,3.6,6.0
V52B1E0_0,False,1,4.2,2.6,1.4,2.0,1.2,2.6
VMDL820_1,True,1,4.0,2.8,3.4,3.4,2.6,3.4
VMDL820_0,True,1,3.6,2.2,4.2,1.6,5.6,0.8
V1060A0_0,False,3,0.0,0.0,0.0,0.0,0.0,0.0
V2KLN40_1,True,3,5.0,4.06666666667,5.46666666667,5.06666666667,6.53333333333,5.2
V2KLN40_0,True,3,2.86666666667,2.53333333333,2.86666666667,2.66666666667,3.26666666667,2.93333333333
V1231E0_0,False,1,3.6,5.2,4.4,3.8,2.8,7.0
V5271E0_0,False,1,2.4,2.2,0.6,2.2,1.2,1.6
VLRHT00_1,True,2,1.2,1.2,1.0,0.5,1.5,1.0
VLRHT00_0,True,2,0.9,1.1,1.1,1.2,0.5,0.9
VMXH820_1,True,2,5.4,6.0,7.3,5.9,7.2,6.2
VMXH820_0,True,1,3.8,2.4,4.0,2.8,3.6,2.8
VKXET20_0,True,3,4.3,1.5,1.4,0.4,1.8,1.1
VK9KC60_0,True,2,7.3,10.3,9.3,7.9,7.7,7.3
VVYIV00_1,True,2,5.8,12.7,5.1,6.6,6.5,6.3
VVYIV00_0,True,2,5.1,6.4,5.6,5.3,6.7,4.9
VQKWL61_1,True,2,4.4,6.4,4.1,4.4,2.9,2.7
VQKWL61_0,True,2,1.0,0.9,0.7,1.7,0.7,0.7
VJGMT00_1,True,1,0.8,0.4,1.6,1.8,0.2,0.6
VJGMT00_0,True,1,0.4,0.4,0.2,0.4,0.2,0.2
VIWRJ60_0,True,3,0.0,0.0,0.0,0.0,0.666666666667,1.2
VYBIB00_1,True,2,3.6,6.8,5.7,6.1,5.2,5.0
VYBIB00_0,True,2,2.3,3.3,1.6,2.8,2.0,2.9
V12B2E0_0,False,1,3.8,2.2,2.8,3.2,3.0,3.4
VJERC00_0,True,2,34.75,9.2,16.2,21.9,16.8,5.9
VHM3N40_0,True,1,0.4,0.6,0.2,0.6,0.6,0.4
VP6JY60_1,True,2,1.6,0.9,1.8,1.4,2.0,1.6
VP6JY60_0,True,2,6.0,5.4,6.1,5.3,7.2,16.0
VN0F0E1_0,False,3,12.2666666667,12.1333333333,11.2,11.0,8.8,11.4
VIRHZ20_1,True,1,1.2,0.2,0.0,4.0,1.6,3.8
VIRHZ20_0,True,3,0.6,0.533333333333,0.666666666667,4.4,1.13333333333,1.93333333333
VN5IG20_1,True,2,2.2,2.7,1.8,4.7,3.5,3.3
VN5IG20_0,True,1,8.2,9.6,12.0,13.4,12.2,13.6
VV9GE20_0,True,4,4.0,4.55,3.7,5.05,5.05,4.9
VI9QP12_0,True,2,0.0,1.7,1.1,0.64,1.15,0.68
VHEPV00_0,True,2,9.0,4.4,11.5,14.4,8.2,8.9
V8230E1_0,False,3,2.33333333333,2.26666666667,2.53333333333,2.13333333333,2.73333333333,2.26666666667
V6160C3_0,False,2,4.0,3.9,3.2,3.5,3.8,3.3
VSHZU60_0,True,2,2.2,2.2,3.3,2.9,2.4,1.4
VX9KL60_1,True,2,1.0,1.0,1.0,1.0,1.0,1.0
VX9KL60_0,True,2,4.0,4.0,4.0,4.0,4.0,4.0
VUVHL40_0,True,3,6.86666666667,2.06666666667,6.33333333333,11.3333333333,1.66666666667,2.26666666667
V0380F0_0,False,2,3.3,2.7,2.2,1.9,2.4,2.1
VN2A0E0_0,False,1,3.4,2.2,4.2,5.2,3.0,4.0
VGBBW60_0,True,3,2.73333333333,4.46666666667,3.86666666667,4.8,3.53333333333,5.86666666667
V52C1E0_0,False,1,1.8,2.6,0.8,1.4,1.6,3.0
VGUEI60_1,True,2,1.8,0.9,0.8,1.2,0.7,1.3
VGUEI60_0,True,2,5.2,5.8,3.7,6.0,4.8,5.9
VF9NH00_1,True,2,0.4,0.5,1.0,1.2,0.3,1.4
VF9NH00_0,True,2,0.6,1.9,1.6,5.3,2.3,6.8
V4220D0_0,False,2,1.1,1.2,1.4,1.2,1.4,1.3
VMZL960_1,True,3,1.4,1.06666666667,2.2,1.2,1.66666666667,0.466666666667
VMZL960_0,True,3,3.6,1.8,2.73333333333,2.13333333333,3.26666666667,0.666666666667
VHFHV00_0,True,2,0.2,1.5,0.9,0.7,1.2,0.8
VH7EN60_0,True,2,9.4,5.65,7.85,7.075,8.935,3.065
VJVRL10_0,True,2,0.0,0.0,0.0,0.0,0.0,0.0
V6330G3_0,False,2,1.1,1.0,1.3,1.2,1.0,1.6
VJ7II00_0,True,2,0.5,0.5,0.5,0.9,0.5,0.7
VIBHV20_1,True,3,0.466666666667,0.733333333333,0.733333333333,0.4,0.6,0.466666666667
VIBHV20_0,True,1,4.0,0.4,0.8,2.0,0.4,1.4
V4011A0_0,False,1,1.2,2.0,2.0,1.6,2.0,1.6
VTEZS20_0,True,2,0.0,0.0,0.0,0.0,0.0,0.0
V6160C7_0,False,2,4.8,4.5,6.1,4.1,5.2,4.3
VN9PZ60_1,True,1,0.2,0.0,0.0,0.4,0.0,0.0
VN9PZ60_0,True,1,0.2,0.0,0.2,0.6,0.0,0.0
VXSLB20_1,True,1,9.0,9.6,11.6,6.4,11.4,9.8
VXSLB20_0,True,1,4.2,3.8,2.0,2.8,2.8,3.6
VTXQL00_1,True,2,4.4,5.5,4.9,3.7,3.6,1.8
VTXQL00_0,True,2,9.3,6.3,1.6,1.3,1.9,2.3
VEUPN60_0,True,2,0.4,0.3,0.5,0.4,0.9,0.5
VACTV20_1,True,1,0.8,1.0,0.67,1.0,1.0,0.8
VACTV20_0,True,1,14.2,14.2,3.67,18.4,5.75,10.4
VGIBX60_0,True,2,0.9,0.7,0.7,0.2,0.7,0.5
V42K2C0_0,False,1,7.0,5.2,4.6,6.4,5.2,7.0
VJFQQ60_3,True,2,1.835,0.0,0.625,0.3,0.8,0.2
VJFQQ60_0,True,2,1.0,0.0,0.5,0.5,0.5,0.5
VWGIV60_1,True,2,2.7,3.3,3.2,2.4,2.5,3.4
VWGIV60_0,True,2,8.5,7.4,14.7,12.4,18.1,8.9
VLMR820_1,True,1,1.2,0.8,1.0,0.6,1.0,0.8
VLMR820_0,True,1,0.2,0.8,0.4,1.8,0.2,0.4
VT6HS40_0,True,3,1.2,1.33333333333,1.66666666667,1.8,1.93333333333,1.4
VG6J520_1,True,3,0.0,0.0,0.0,0.0,0.0,0.0
VG6J520_0,True,3,0.0,0.0,0.0,0.0,0.0,0.0
V1280E0_0,False,3,1.4,2.6,1.86666666667,2.33333333333,2.0,2.6
VNUNJ20_1,True,3,2.2,2.26666666667,3.0,2.06666666667,3.0,2.2
VNUNJ20_0,True,3,9.06666666667,7.66666666667,8.0,9.13333333333,4.33333333333,2.66666666667
VJWJ720_1,True,1,0.4,0.6,0.8,0.2,0.4,0.8
VJWJ720_0,True,1,1.0,0.8,0.4,0.8,1.8,0.4
V9230A1_0,False,3,2.4,2.4,2.46666666667,2.6,2.86666666667,2.6
V0150C2_0,False,3,2.73333333333,2.2,2.73333333333,2.4,2.86666666667,2.86666666667
V6340G1_0,False,2,0.8,0.9,1.1,1.2,1.0,1.1
VKII640_1,True,1,2.6,0.6,1.0,1.2,0.4,1.0
VKII640_0,True,1,0.0,0.0,0.2,0.0,0.0,0.2
V8001H0_0,True,3,1.2,1.6,2.0,1.8,1.66666666667,1.53333333333
V0150C1_0,False,3,2.46666666667,1.8,2.4,1.8,2.06666666667,2.33333333333
V03D0G2_0,False,3,8.86666666667,10.2666666667,10.0,10.2666666667,9.88333333333,10.2666666667
VN0B0E1_0,False,1,1.6,1.4,1.6,1.8,1.4,1.2
V4010A0_0,False,3,2.53333333333,2.2,1.86666666667,2.06666666667,2.0,2.13333333333
V03E0G1_0,False,2,12.9,11.5,12.7,10.5,14.8,14.3
V1070A1_0,False,2,4.5,4.8,4.8,4.2,4.7,6.1
VJSJD40_1,True,2,1.6,1.6,1.3,1.4,1.1,1.9
VJSJD40_0,True,2,0.7,0.6,0.6,1.0,0.6,1.1
V52H2E0_0,False,1,1.8,3.0,1.8,3.8,3.2,2.6
VK7K820_1,True,1,1.0,3.2,1.4,5.0,1.2,1.2
VK7K820_0,True,1,0.6,0.8,0.4,1.0,1.6,1.2
VSPRA40_1,True,2,0.8,1.3,0.8,0.7,0.4,0.9
VSPRA40_0,True,1,0.4,0.6,0.2,0.2,1.0,0.0
V1250E0_0,False,3,8.06666666667,6.93333333333,8.53333333333,6.46666666667,8.13333333333,6.46666666667
VIKQP20_1,True,1,13.67,5.0,7.5,7.33,10.67,1.0
VIKQP20_0,True,3,8.0,7.66666666667,10.6666666667,8.0,5.0,5.33333333333
VQKWL00_2,True,2,0.0,0.0,0.0,0.0,0.0,0.0
VQKWL00_0,True,2,0.0,0.0,0.0,0.0,0.0,0.0
VJT4T00_0,True,2,0.5,0.7,0.4,0.7,0.5,1.0
V7010A0_0,False,2,0.5,0.7,0.8,0.7,0.4,0.4
V4250B0_0,False,3,1.66666666667,1.26666666667,1.26666666667,1.33333333333,1.46666666667,1.46666666667
VPMSV40_1,True,3,2.0,1.93333333333,1.93333333333,1.93333333333,2.2,1.8
VPMSV40_0,True,3,1.13333333333,1.2,1.06666666667,0.933333333333,0.733333333333,1.0
V1240E0_0,False,3,7.33333333333,5.66666666667,7.0,5.53333333333,6.93333333333,6.8
VJPEI60_0,True,2,3.0,4.1,5.0,4.1,4.4,4.6
VZKPR20_1,True,1,1.6,1.6,2.2,1.6,1.8,0.8
VZKPR20_0,True,1,0.8,1.6,1.8,1.6,1.8,1.8
VHYFT00_1,True,2,0.0,0.0,0.0,0.0,0.0,0.3
VHYFT00_0,True,2,0.0,0.0,0.0,0.0,0.2,0.1
V8040A0_0,False,3,1.86666666667,1.93333333333,2.53333333333,2.33333333333,2.26666666667,2.13333333333
VIAM700_0,True,3,1.66666666667,3.73333333333,0.933333333333,3.13333333333,2.06666666667,3.53333333333
VQFHV41_1,True,2,2.5,3.1,2.0,4.6,2.4,3.5
VQFHV41_0,True,2,2.4,1.4,3.2,1.6,4.0,1.9
VLBHN00_1,True,2,3.0,4.4,4.6,3.5,4.7,3.9
VLBHN00_0,True,2,2.6,4.9,3.1,4.5,1.8,4.7
V9240A0_0,False,3,3.33333333333,3.93333333333,3.53333333333,5.0,4.06666666667,4.33333333333
V3MER00_0,True,3,5.46666666667,4.8,6.26666666667,6.2,6.6,6.26666666667
VFQM660_0,True,2,20.9,17.45,23.5,17.1,21.8,18.2
V8010A1_0,True,3,1.66666666667,1.86666666667,2.2,2.86666666667,2.26666666667,2.2
VKRM820_1,True,2,2.7,1.2,1.9,1.1,2.4,1.7
VKRM820_0,True,1,6.4,4.6,7.6,3.8,7.0,4.6
V8040A1_0,False,3,0.6,0.6,0.4,0.6,0.6,0.533333333333
V3UNW00_1,True,1,2.4,2.6,2.2,2.4,3.2,3.0
V3UNW00_0,True,1,5.0,2.6,5.0,3.4,3.6,3.0
VMZLI20_1,True,3,1.33333333333,0.733333333333,1.46666666667,0.866666666667,1.0,1.6
VMZLI20_0,True,3,0.866666666667,0.8,1.0,0.666666666667,1.73333333333,0.733333333333
VEWN0C0_0,False,1,6.8,5.0,14.0,6.4,8.8,7.8
VTXQJ20_0,True,3,13.4666666667,17.8666666667,12.4666666667,12.4666666667,4.26666666667,3.53333333333
VI9R760_2,True,2,0.0,7.335,5.375,3.0,3.7,4.3
VI9R760_0,True,3,0.0,0.333333333333,0.583333333333,0.11,0.0666666666667,0.133333333333
V5060B0_0,False,2,1.8,1.7,1.6,1.6,1.4,1.7
VN7ST40_1,True,3,3.4,2.26666666667,1.2,2.0,1.4,2.26666666667
VN7ST40_0,True,3,1.46666666667,1.73333333333,1.13333333333,2.4,1.93333333333,1.8
V6330G4_0,False,2,1.2,1.1,1.1,1.1,1.0,1.3
VFZK620_1,True,3,1.53333333333,0.933333333333,1.4,1.13333333333,0.933333333333,1.13333333333
VFZK620_0,True,3,8.66666666667,7.53333333333,8.93333333333,5.66666666667,7.66666666667,6.93333333333
V9250A2_0,False,3,2.53333333333,2.6,2.86666666667,3.06666666667,2.66666666667,2.8
VEFMN40_0,True,3,0.4,1.06666666667,0.6,1.33333333333,1.06666666667,0.0
VNLHV00_1,True,2,1.1,2.2,1.6,2.2,1.9,1.7
VNLHV00_0,True,2,2.3,3.0,3.8,4.6,3.4,2.9
V6180A2_0,False,2,3.7,4.0,4.9,5.4,4.5,4.7
VI9RW20_0,True,3,5.08333333333,4.41666666667,5.33333333333,3.58333333333,4.0,1.66666666667
VIWRJ00_2,True,3,0.0,0.0,0.0,0.0,0.0,0.0
VIWRJ00_0,True,3,0.0,0.0,0.666666666667,0.0,0.0,0.0
VS7SN60_0,True,2,2.1,3.5,2.3,2.0,2.1,2.3
V4NJD00_3,True,1,0.8,0.8,0.6,0.8,0.6,1.0
V4NJD00_0,True,1,0.8,0.8,1.0,1.0,0.6,1.2
V2WUA20_0,True,2,1.6,0.5,0.4,1.9,0.8,1.7
V0390G0_0,False,2,9.1,7.8,11.2,11.6,9.5,10.0
VRNIF40_0,True,4,3.9,3.45,3.5,3.85,3.3,3.35
V3AIL00_1,True,2,10.7,18.7,18.0,11.5,14.6,14.9
V3AIL00_0,True,2,1.6,1.0,1.5,1.3,1.2,1.3
V0120C0_0,True,2,1.6,2.1,1.1,1.9,1.8,1.8
VHBGA00_1,True,2,1.1,1.0,0.9,1.2,1.7,1.2
VHBGA00_0,True,2,3.1,1.6,3.3,3.2,3.4,2.9
VN0E0E0_0,False,1,2.4,0.8,1.4,4.0,1.4,1.6
V6330G6_0,False,2,1.3,1.2,1.3,1.1,1.1,1.6
VN0A0E0_0,False,2,1.0,0.7,1.2,0.9,1.1,1.0
VK6P820_0,True,2,13.4,12.3,13.375,11.2,20.7,8.9
V1TT960_1,True,2,1.5,2.6,1.7,2.5,2.9,4.3
V1TT960_0,True,2,1.7,1.6,1.6,1.4,1.8,1.8
VJ7KV40_0,True,2,8.6,6.6,4.1,5.1,4.8,5.2
VMV4U41_0,True,3,0.733333333333,1.13333333333,0.933333333333,0.866666666667,0.6,1.13333333333
VJHM700_1,True,3,2.66666666667,5.33333333333,4.4,6.06666666667,2.8,5.8
VJHM700_0,True,3,1.66666666667,4.06666666667,2.8,4.0,1.8,3.4
V9201A0_0,False,1,92.0,81.75,83.75,100.0,100.0,79.0
VIGHK40_0,True,2,2.2,3.2,3.4,4.0,3.7,3.9
V6170C1_0,False,2,1.3,1.5,1.4,1.4,1.5,1.3
V52J2E0_0,False,1,0.4,0.0,0.6,0.2,0.8,0.6
VKESJ10_1,True,1,6.8,10.6,5.2,8.0,5.2,7.8
VKESJ10_0,True,1,72.6,69.0,37.2,81.0,28.0,33.0
V36F660_0,True,4,26.5,26.05,25.95,26.55,26.0,26.1
V4020A0_0,False,3,2.6,2.33333333333,1.73333333333,1.46666666667,1.73333333333,1.73333333333
V0140C0_0,False,2,2.6,2.3,3.1,2.7,2.7,2.1
V1210E0_0,False,2,10.7,10.5,25.5,26.4,29.3,25.9
VLAJE40_1,True,1,2.8,2.2,1.8,3.0,2.2,2.6
VLAJE40_0,True,1,1.0,1.6,1.2,1.4,0.6,2.0
V6160C5_0,False,2,5.5,6.1,6.4,4.6,7.0,5.4
VLDTB20_1,True,2,1.9,0.0,0.5,0.0,1.2,4.9
VLDTB20_0,True,2,4.1,2.6,4.0,1.6,2.2,3.3
VN8PG20_1,True,1,4.6,2.8,3.6,7.8,6.2,4.2
VN8PG20_0,True,1,1.2,2.4,2.4,6.0,4.6,4.0
VFYKD41_0,True,4,44.4,51.7,46.95,59.75,52.65,58.75
VJGPQ00_1,True,2,4.2,4.0,5.0,10.1,1.9,5.3
VJGPQ00_0,True,2,2.0,2.0,3.1,2.9,1.9,2.6
VYRGM00_1,True,3,2.46666666667,1.2,2.86666666667,1.13333333333,3.53333333333,1.66666666667
VYRGM00_0,True,3,2.86666666667,3.53333333333,5.0,3.66666666667,5.46666666667,3.66666666667
V3330G0_0,False,2,1.3,1.4,1.4,1.5,1.5,1.3
VMDXF00_1,True,2,0.8,1.1,0.9,1.1,1.5,1.0
VMDXF00_0,True,2,1.6,3.0,2.8,3.5,2.4,4.4
VNES600_1,True,1,1.4,1.4,1.0,2.2,1.4,1.2
VNES600_0,True,1,1.8,0.6,1.6,2.2,2.4,0.8
V9030A2_0,False,3,0.4,0.0666666666667,0.333333333333,0.4,0.6,0.0
V1230E0_0,False,3,9.2,8.2,10.6666666667,8.8,11.1333333333,10.6666666667
V6330G0_0,False,3,0.0,0.0,0.0,0.0,0.0,0.0
VHMKW40_0,True,3,1.6,1.6,1.6,1.93333333333,1.46666666667,1.53333333333
VNNFY00_1,True,3,1.06666666667,2.0,1.06666666667,1.8,1.86666666667,1.93333333333
VNNFY00_0,True,3,1.13333333333,1.53333333333,0.933333333333,1.33333333333,0.666666666667,1.73333333333
VINM760_1,True,1,1.4,0.6,2.0,0.2,0.0,1.0
VINM760_0,True,3,5.26666666667,4.46666666667,4.6,4.53333333333,6.46666666667,4.33333333333
VMQ4C40_1,True,1,2.2,3.0,2.2,1.6,2.2,3.5
VMQ4C40_0,True,1,0.8,0.6,1.2,1.0,1.0,1.0
V8250E0_0,False,4,2.85,2.5,3.75,2.35,2.55,2.25
V6140C1_0,False,2,1.2,1.7,0.9,1.2,1.2,0.8
V1270E0_0,False,3,4.33333333333,6.13333333333,4.66666666667,5.53333333333,5.13333333333,5.66666666667
VHKPV40_0,True,2,0.4,0.8,1.0,0.8,0.2,0.3
VQGGJ20_1,True,1,10.4,6.8,9.2,5.8,8.6,9.2
VQGGJ20_0,True,1,1.8,2.8,3.6,2.2,3.4,3.0
V8240E0_0,False,3,2.46666666667,2.2,2.33333333333,2.2,2.6,2.06666666667
VHMKV20_0,True,3,0.0,0.0666666666667,0.533333333333,0.466666666667,0.333333333333,0.266666666667
VINLD61_1,True,1,0.8,0.8,1.6,1.2,1.8,2.4
VINLD61_0,True,3,6.2,6.26666666667,6.66666666667,4.93333333333,7.26666666667,6.2
V42B1D0_0,False,1,0.4,0.2,0.8,0.6,0.8,1.0
VU8P760_0,True,4,10.6,11.9,13.5,13.7,8.3,4.7
VM010A2_0,True,2,0.7,0.6,0.8,0.8,0.7,1.1
VEFM0C0_0,False,2,0.7,0.5,0.6,0.7,0.7,1.0
VIXJ740_1,True,2,2.9,6.6,3.0,5.4,4.0,5.7
VIXJ740_0,True,2,5.1,6.5,3.2,4.9,4.4,5.1
V8010A2_2,False,3,1.46666666667,1.6,2.06666666667,1.4,2.06666666667,1.8
V8010A2_0,False,3,2.93333333333,2.33333333333,2.73333333333,3.0,2.8,2.46666666667
VKVHI20_0,True,2,2.8,2.2,1.8,2.4,1.6,2.4
VNLKR60_0,True,2,3.5,4.5,2.9,2.8,2.2,2.0
VLRKQ40_0,True,2,1.6,2.3,0.7,2.0,0.9,1.7
VHJS620_2,True,2,0.165,0.1,0.5,0.2,0.0,0.1
VHJS620_0,True,2,1.665,3.8,0.375,0.0,1.0,0.1
VMFIG20_1,True,1,9.8,6.8,1.8,2.0,9.0,1.6
VMFIG20_0,True,1,1.4,0.8,1.6,1.6,1.2,1.2
VB5PL60_1,True,1,0.0,0.0,0.0,0.0,0.0,0.0
VB5PL60_0,True,1,0.0,0.0,0.0,0.0,0.0,0.0
VGYS7A1_0,False,1,88.4,6.6,6.4,6.4,7.6,6.6
V1051A1_0,False,1,4.6,9.0,4.0,8.8,11.4,4.0
V5250E0_0,False,2,4.1,4.3,5.0,4.8,5.7,5.2
V42A0D0_0,False,3,0.0,0.0,0.0,0.0,0.0,0.0
VW7HN20_1,True,2,5.7,6.3,5.1,6.8,5.6,6.3
VW7HN20_0,True,2,1.9,1.9,2.1,1.8,2.5,3.0
VSQYA00_1,True,1,0.2,0.0,0.0,0.4,0.2,0.0
VSQYA00_0,True,1,0.2,0.2,0.4,0.2,0.2,0.2
VHHEF20_1,True,2,0.8,0.5,1.3,1.0,0.9,1.2
VMEKQ40_0,True,2,5.2,4.5,5.0,6.0,4.6,5.0
V40A2G0_0,False,1,6.2,5.8,0.8,0.4,2.0,3.6
VHEPV40_0,True,2,1.7,2.6,0.9,1.5,0.4,1.5
V6360G0_0,False,2,2.4,1.5,2.6,1.5,2.5,1.5
VKCUX20_1,True,2,15.9,17.8,22.1,23.7,23.0,31.2
VKCUX20_0,True,2,3.0,1.4,2.3,2.1,2.5,2.7
V12C2E0_0,False,2,0.4,0.1,0.0,0.3,0.2,0.0
V2RTQ20_1,True,2,0.4,0.5,0.7,0.2,1.4,0.6
V2RTQ20_0,True,2,0.1,0.5,0.1,0.3,0.1,0.3
VN2B0E2_0,False,2,1.5,1.5,1.5,1.5,1.5,1.5
V2320G0_0,False,2,1.3,1.7,1.5,1.9,2.7,1.8
VP8GX40_1,True,3,0.266666666667,0.333333333333,0.0,0.0666666666667,0.266666666667,0.0666666666667
VP8GX40_0,True,3,1.66666666667,2.66666666667,3.06666666667,3.06666666667,1.86666666667,3.06666666667
VHWGD40_1,True,2,4.1,3.0,5.5,1.9,3.7,3.0
VHWGD40_0,True,2,4.6,3.7,2.8,3.1,4.8,1.9
V1010A1_0,False,2,0.0,0.0,0.0,0.0,0.0,0.0
VGKBM20_0,False,2,2.4,2.1,1.4,2.2,2.5,3.4
VJTJ820_0,True,3,2.06666666667,2.6,2.06666666667,2.4,1.93333333333,3.2
VM7FI60_1,True,1,0.2,0.6,1.4,0.8,0.4,0.4
VM7FI60_0,True,1,0.8,0.6,0.2,1.0,0.6,1.0
V4VDD40_0,True,4,1.3,1.35,1.3,1.35,1.35,1.45
VEWM500_1,True,2,2.5,2.6,1.3,2.3,1.9,2.3
VEWM500_0,True,2,1.0,0.4,0.3,0.4,0.6,0.4
VLQLI00_1,True,1,0.0,0.0,0.0,0.0,0.0,0.0
VLQLI00_0,True,1,0.0,0.0,0.0,0.0,0.0,0.0
V3310G0_0,False,2,0.0,0.0,0.1,0.0,0.0,0.0
VFDGP01_0,False,4,3.0,3.75,3.0,3.0,3.5,4.05
VLQLI40_1,True,1,1.6,2.0,0.6,0.8,2.6,0.2
VLQLI40_0,True,1,1.4,1.0,1.2,1.2,0.8,0.6
VLKSH00_0,False,3,6.53333333333,5.73333333333,5.06666666667,4.4,5.6,5.13333333333
VHMM620_0,True,2,1.1,1.5,0.9,0.7,0.9,0.8
VI9S600_0,True,3,8.16666666667,3.33333333333,1.78,3.0,2.73333333333,3.86666666667
VSPRA60_0,True,2,3.0,3.5,2.2,2.3,3.5,2.7
VJERC50_0,True,2,0.2,0.5,0.375,0.0,0.3,0.25
VF9KB60_0,True,3,0.866666666667,1.6,1.06666666667,1.13333333333,0.6,0.466666666667
V1021A0_0,False,1,6.8,8.6,6.8,6.2,8.2,6.0
V1030A0_0,False,3,0.0,0.0,0.333333333333,0.0,0.0,0.0
V5261F0_0,False,1,11.8,14.8,15.0,15.6,11.6,14.8
VHXS600_0,True,3,0.0,0.0,0.0,0.0,0.0,0.0
V9260A0_0,False,3,5.03333333333,3.8,5.73333333333,3.93333333333,5.33333333333,4.8
VLKGF40_1,True,1,1.2,0.4,1.2,0.4,1.8,0.6
VLKGF40_0,True,1,1.6,0.4,1.4,0.6,0.2,0.8
VN2B0E1_0,False,1,1.4,1.6,1.2,1.6,1.4,1.6
VRPSV00_1,True,3,10.1333333333,8.4,6.53333333333,5.13333333333,11.7333333333,9.26666666667
VRPSV00_0,True,3,3.06666666667,2.53333333333,2.53333333333,3.6,2.26666666667,2.0
VEWM560_0,True,2,1.1,0.3,0.7,0.3,1.3,0.8
V37JI40_1,True,3,0.666666666667,0.533333333333,0.466666666667,0.333333333333,0.466666666667,0.6
V37JI40_0,True,3,0.666666666667,1.13333333333,0.4,0.8,0.666666666667,0.533333333333
V6330G7_0,False,2,1.9,1.7,1.5,1.9,1.5,1.5
VCPKT00_0,True,2,0.5,2.2,0.9,2.1,0.8,1.9
VM8PX60_1,True,2,0.9,11.6,1.5,2.7,8.4,1.3
VM8PX60_0,True,2,4.1,2.4,4.6,3.3,2.4,1.1
V5080A0_0,False,2,1.5,1.1,1.0,1.4,1.3,1.5
V6171C1_0,False,1,3.2,3.6,4.6,3.0,3.2,4.4
VMQMV00_1,True,3,2.93333333333,4.73333333333,3.6,4.66666666667,2.4,4.2
VMQMV00_0,True,3,2.2,2.66666666667,1.33333333333,2.73333333333,1.33333333333,1.66666666667
VJFPW00_0,True,3,0.443333333333,0.0,0.0,0.11,0.25,0.0666666666667
VJGPQ20_0,True,2,12.2,7.3,6.7,3.9,8.2,3.8
VI9QP10_0,True,5,0.0,0.0,0.0,0.0,0.0,0.0
VJMHU00_0,True,2,1.7,1.0,0.6,1.6,1.1,1.4
VQ6WK40_1,True,2,5.0,5.4,5.3,5.9,3.8,4.7
VQ6WK40_0,True,2,2.5,2.9,4.3,2.6,1.9,2.8
VK6L860_0,True,2,7.8,7.3,9.5,9.3,10.375,20.8
VN0B0E2_0,False,2,0.0,0.0,0.0,0.0,0.0,0.0
VISCI20_0,True,1,1.6,0.8,0.8,1.2,0.8,0.8
VPJFZ00_1,True,3,1.8,1.46666666667,1.0,1.86666666667,2.6,2.0
VPJFZ00_0,True,3,0.666666666667,1.4,1.0,1.26666666667,1.73333333333,1.8
VFVKW40_0,True,2,4.5,2.6,3.9,3.2,3.1,2.4
V10F2A0_0,False,2,1.5,1.4,1.7,1.1,1.8,1.1
VKJEP40_0,True,2,6.7,8.6,4.7,6.4,5.7,7.4
V2310G0_0,False,1,1.0,2.0,2.0,1.0,3.4,1.6
VDTJW00_1,True,3,6.33333333333,4.6,4.53333333333,4.53333333333,4.73333333333,5.53333333333
VDTJW00_0,True,3,0.666666666667,1.0,0.866666666667,1.2,1.66666666667,1.4
V5070A2_0,False,2,1.8,1.7,1.0,1.5,1.6,1.6
VV7GX00_0,True,3,3.2,4.26666666667,4.66666666667,4.13333333333,3.86666666667,3.13333333333
VRPSV70_0,True,2,1.7,3.7,2.0,1.6,0.9,1.5
VP8GX42_0,True,3,0.6,1.6,0.666666666667,0.866666666667,1.0,0.866666666667
VL7TM20_0,True,2,1.6,1.0,1.5,0.8,1.4,0.2
VU8EF00_0,True,3,2.33333333333,3.73333333333,3.66666666667,3.73333333333,3.26666666667,3.13333333333
VKLGD20_0,True,3,0.0,0.0,0.0,0.0,0.0,0.0
VN0E0E1_0,False,2,2.7,3.3,2.7,2.5,1.6,3.1
VQFHV60_1,True,2,1.9,1.6,2.7,3.0,2.3,2.7
VQFHV60_0,True,1,1.6,3.6,3.0,3.6,2.8,7.6
VP6IG60_1,True,2,4.6,3.5,5.8,4.4,5.1,4.0
VP6IG60_0,True,2,0.6,0.5,0.2,0.2,0.6,0.4
VJVRL11_0,True,2,0.335,0.25,1.3,0.6,0.5,0.165
VFNN700_1,True,2,0.6,0.7,0.7,0.9,1.1,1.3
VFNN700_0,True,2,3.5,8.7,26.6,14.3,5.7,10.0
V03D0G0_0,False,3,8.46666666667,9.53333333333,9.38333333333,13.4,8.53333333333,9.66666666667
V1CRT60_1,True,1,12.0,38.4,29.0,5.8,13.2,11.0
V1CRT60_0,True,1,16.8,29.4,42.8,18.6,26.4,13.6
VEVIV40_1,True,3,3.06666666667,2.4,2.0,2.8,2.46666666667,2.33333333333
VEVIV40_0,True,3,1.73333333333,1.33333333333,1.66666666667,1.53333333333,0.733333333333,1.26666666667
VPYIH40_0,True,1,3.4,3.6,2.6,2.4,1.6,2.0
VZAJE60_1,True,3,57.4333333333,25.9833333333,46.8666666667,41.6833333333,34.7333333333,50.25
VZAJE60_0,True,3,54.6833333333,54.4,53.0,55.31,63.7,60.3666666667
V6160C2_0,False,2,6.3,7.3,6.0,6.1,6.2,5.8
V5261E0_0,False,1,1.8,1.0,1.2,2.0,2.8,2.4
VN0F0E0_0,False,1,1.8,1.0,1.2,3.0,1.8,1.6
VI9EM00_0,True,4,1.25,1.6,3.85,2.05,1.1,1.75
VKSIE60_0,True,2,11.0,14.0,9.5,12.9,10.4,10.0
VN2D0E1_0,False,1,1.4,2.4,3.2,2.0,3.2,2.4
V3320G0_0,False,3,1.4,1.86666666667,1.4,1.8,1.6,1.66666666667
VN2B0E0_0,False,1,1.2,1.2,1.8,1.2,1.2,1.8
V4221E0_0,False,2,0.5,0.1,0.4,0.3,0.4,0.4
VL7PX00_1,True,2,3.4,4.2,2.6,0.7,1.9,0.4
VL7PX00_0,True,2,4.6,8.4,3.1,3.0,3.1,2.0
VQDLJ20_1,True,2,4.9,3.9,9.4,8.7,7.2,7.0
VQDLJ20_0,True,2,0.2,0.2,0.7,0.3,0.3,0.0
