VD_Name,latitude,longitude
V9211A0_0,25.0326,121.56871
VIKQU50_0,25.039687,121.56357
VWRLS20_1,25.097081,121.54097
VWRLS20_0,25.097081,121.54096
VSWMR40_1,25.080036,121.54582
VSWMR40_0,25.080036,121.54581
V8001H1_0,25.08857,121.50322
VM9QH20_1,25.053851,121.55892
VM9QH20_0,25.053851,121.55891
VIWR760_0,25.039187,121.56443
VIWR760_11,25.039187,121.56454000000001
VZLKH60_1,25.110573,121.53722
VZLKH60_0,25.110573,121.53721
VSGLN60_1,25.077681,121.54294
VSGLN60_0,25.077681,121.54293
VINKW00_0,25.036522,121.5383
V0111C0_0,25.05044,121.50802
VNKIG00_0,25.059436,121.52543
VSDPM60_1,25.076159,121.56157
VSDPM60_0,25.076159,121.56156
VSNVA60_0,25.078539,121.58007
VTHRR20_0,25.082103,121.56684
VL5GL60_0,25.048525,121.51903
VQGFY41_0,25.071176,121.51354
V8001H2_3,25.08982,121.50242999999999
V8001H2_0,25.08982,121.5024
VPLKP40_0,25.066549,121.53563
V6160C1_0,25.06096,121.59117
VCZLY20_0,25.015823,121.54251
V6340G0_0,25.05873,121.58427
VINJW00_1,25.035664,121.53319
VINJW00_0,25.035664,121.53318
VP5KR40_0,25.05944,121.53671
VMEKD00_1,25.05466,121.53558000000001
VMEKD00_0,25.05466,121.53557
V6320G0_0,25.05841,121.59809
VN5HV00_1,25.055344,121.52266
VN5HV00_0,25.055344,121.52265
VNLJX20_0,25.060296,121.5323
VQFHC20_1,25.068416,121.52106
VQFHC20_0,25.068416,121.52105
VKNIV20_0,25.046899,121.52692
VTZY920_0,25.084652,121.59872
VN8GX40_0,25.059461,121.5181
VN2C0E1_0,25.053373,121.52758
V6150C1_0,25.058623,121.58438
VLRJE00_1,25.053741,121.52998000000001
VLRJE00_0,25.053741,121.52997
VM7PP00_1,25.054603,121.55591
VM7PP00_0,25.054603,121.5559
VKLPX00_1,25.046498,121.55763
VKLPX00_0,25.046498,121.55762
V03C0G1_0,25.0454,121.53317
VJHKR21_1,25.041577,121.53841
VJHKR21_0,25.041577,121.5384
VJUDT20_1,25.04305,121.50186000000001
VJUDT20_0,25.04305,121.50185
VJGN700_1,25.039789,121.54846
VJGN700_0,25.039789,121.54845
VBWQ840_0,25.011902,121.5551
V0140C1_0,25.04449,121.54118
VSVI900_0,25.076999,121.52539
VDYN960_0,25.016384,121.54954
VT9NN00_1,25.081787,121.551
VT9NN00_0,25.081787,121.55099
VNZM960_0,25.062022,121.55416
VM210E2_0,25.07043,121.543566
VN5HV61_1,25.058233,121.52342
VN5HV61_0,25.058233,121.52341
VF9KB20_0,25.021908,121.53255
V3ZT820_1,25.11472,121.57036000000001
V3ZT820_0,25.11472,121.57035
V2101B0_0,25.00672,121.53394
VIME520_0,25.038104,121.5041
VGBBW20_0,25.02999,121.49277
VGKCG60_1,25.02927,121.49734000000001
VGKCG60_0,25.02927,121.49733
VLNX920_1,25.050827,121.59075
VLNX920_0,25.050827,121.59074
VNKIG40_0,25.060852,121.52569
VL6RM20_1,25.049142,121.56762
VL6RM20_0,25.049142,121.56761
V3132C0_0,25.0224,121.53372
VKXRL60_1,25.046939,121.56229
V9010A0_0,25.0088,121.5816
VHKPV60_0,25.03305,121.55904
VMEKQ41_0,25.055803,121.53652
VJHML20_0,25.041425,121.54544
VFYKD40_1,25.024879,121.53467
VFYKD40_0,25.024879,121.53466
VPBTD70_0,25.062696,121.57731
VJVRL40_0,25.044956,121.56658
VHSH560_0,25.033735,121.51971
VLPN800_0,25.053031,121.54882
VLMG600_1,25.053013,121.51372
VLMG600_0,25.053013,121.51371
VHPBV00_1,25.032466,121.49192000000001
VHPBV00_0,25.032466,121.49191
VGSGF00_1,25.028144,121.51533
VGSGF00_0,25.028144,121.51532
VN0C0E0_0,25.04896,121.52916
V42E2E0_0,25.020435,121.52283
V6160C0_0,25.06028,121.58742
V2110C0_0,25.01258,121.53899
V6350G0_0,25.05486,121.57706
V56BU20_0,25.121857,121.48598
VJM4U00_0,25.040213,121.61749
VGKCG20_0,25.027169,121.49403
VT5QV00_1,25.079645,121.56347000000001
VT5QV00_0,25.079645,121.56346
V2130C0_0,25.020112,121.54788
VLXFX20_0,25.049624,121.51195
V4270C0_0,25.02391,121.51467
V42C0E0_0,25.004691,121.53497
V2321G0_0,25.01302,121.53941
V52C2E0_0,25.02932,121.48905
VK8LT20_0,25.044411,121.54107
VLGGY60_1,25.050592,121.51914000000001
VLGGY60_0,25.050592,121.51913
VSJJX20_1,25.077977,121.52853
VSJJX20_0,25.077977,121.52852
V2311G0_0,25.02074,121.54845
VV9IP40_0,25.091499,121.52673
VU8EF40_0,25.082664,121.50738
VL9SB00_1,25.050732,121.56979
VL9SB00_0,25.050732,121.56978
V1260E0_0,25.04288,121.5366
VT9FV00_1,25.080341,121.51347
VT9FV00_0,25.080341,121.51346
V8220E2_0,25.1115,121.49851
VIDDL00_1,25.034332,121.50103
VIDDL00_0,25.034332,121.50102
V5B2R60_0,25.121963,121.48301
VHPEB20_1,25.033466,121.50331
VHPEB20_0,25.033466,121.5033
VMCN800_0,25.053333,121.54888
V1001B0_0,25.02353,121.53776
VVVGB40_1,25.095371,121.51397
VVVGB40_0,25.095371,121.51396
V6160C6_0,25.06008,121.60974
V6180A0_0,25.0626,121.61715
V1VJK40_0,24.993328,121.53415
VQGFY00_1,25.069741,121.51377000000001
VQGFY00_0,25.069741,121.51376
V2ZUI60_0,24.999185,121.58065
VGLKW40_0,25.045663,121.53685
V6141E0_0,25.063014,121.57249
V1001A0_0,25.02353,121.53768
VVCGQ40_0,25.118895,121.50169
V8250E1_0,25.09228,121.49937
VP8GX00_1,25.064888,121.5179
VP8GX00_0,25.064888,121.51789
V1221E0_0,25.02813,121.53758
VTTIF00_1,25.082441,121.52538
VTTIF00_0,25.082441,121.52537
V12F2E0_0,25.02813,121.53758
VSGRX60_1,25.076783,121.57078
VSGRX60_0,25.076783,121.57077
VIPIZ60_2,25.038556,121.52736
VIPIZ60_0,25.038556,121.52734
V8030A0_0,25.10519,121.49906
VJCTT20_0,25.040764,121.57463
VLRJX00_1,25.050908,121.53291
VLRJX00_0,25.050908,121.5329
VFYKD01_1,25.024372,121.53483
VFYKD01_0,25.024372,121.53482
V4090H0_0,25.022768,121.49148
VK7KP40_0,25.045719,121.53633
VMEJW40_1,25.056691,121.53308
VMEJW40_0,25.056691,121.53307
VIVS602_2,25.040001,121.56873
VIVS602_0,25.040001,121.56871
VL7SU60_0,25.049469,121.57416
VHZC820_1,25.035549,121.49597
VHZC820_0,25.035549,121.49596
V5B2R20_0,25.122709,121.47308
VPHKR40_0,25.066326,121.53488
VIGHK20_1,25.038324,121.51901000000001
VIGHK20_0,25.038324,121.519
V12D2E0_0,25.03986,121.53763
VM6GJ00_1,25.053473,121.51624
VM6GJ00_0,25.053473,121.51623
VN5IG00_0,25.057107,121.52535
V52C0E0_0,25.031492,121.48835
VIKPW61_0,25.03773,121.55909
V4291E0_0,25.02012,121.52275
VGIA660_0,25.030301,121.488201
V1220E0_0,25.06365,121.537
V2330G0_0,25.01049,121.5351
V1241E0_0,25.04807,121.53654
V6110C0_0,25.05271,121.56997
VG7EQ00_1,25.028631,121.50499
VG7EQ00_0,25.028631,121.50498
VSNRE00_1,25.077935,121.57163
VSNRE00_0,25.077935,121.57162
VB9L800_1,25.003018,121.53847
VB9L800_0,25.003018,121.53846
V7HMH00_0,25.133328,121.54602
VN0B0E3_0,25.04994,121.52841
VFYKD00_0,25.029269,121.53402
VLKSH01_0,25.049846,121.5695
VH6CN60_1,25.03108,121.49878
VH6CN60_0,25.03108,121.49877
VX7FU40_0,25.104252,121.51221
VN2B0E3_0,25.06212,121.52774
V1NMM20_1,24.987102,121.54814
V1NMM20_0,24.987102,121.54813
V6330G5_0,25.05841,121.59809
VEFMN60_0,25.016379,121.54836
VTGFS00_1,25.082628,121.51258
VTGFS00_0,25.082628,121.51257
V8020A0_0,25.101206,121.49905
VN0E0E2_0,25.06801,121.5278
VN0B0E0_0,25.044712,121.53042
VDENZ00_0,25.012847,121.55462
V1SNV00_1,24.98919,121.55245000000001
V1SNV00_0,24.98919,121.55244
VM64J20_2,25.052795,121.61376000000001
VM64J20_0,25.052795,121.61374
VKP4L00_0,25.045685,121.61516
VH9H820_0,25.031159,121.49407
VU8EF20_1,25.085408,121.50500000000001
VU8EF20_0,25.085408,121.50499
VL6IA60_1,25.049411,121.52387
VL6IA60_0,25.049411,121.52386
VP5KR62_1,25.062251,121.53849000000001
VP5KR62_0,25.062251,121.53848
V4230B0_0,25.01697,121.49952
VN0C0E1_0,25.05427,121.52764
V6171C0_0,25.06111,121.61959
VHMML20_0,25.033312,121.54553
VGTPW50_0,25.029057,121.55744
VJGMT20_0,25.041412,121.54647
VMBWS20_1,25.052274,121.584
VMBWS20_0,25.052274,121.58399
V0130A0_0,25.0482,121.51977
V42F2E0_0,25.023449,121.51115
VU9NA40_0,25.089486,121.54887
VH7E760_1,25.031218,121.506
VH7E760_0,25.031218,121.50599
VU5QC60_0,25.084945,121.55977
VELJA00_1,25.019018,121.53025000000001
VELJA00_0,25.019018,121.53024
VGHN840_1,25.030832,121.54857
VGHN840_0,25.030832,121.54856
VG7PG50_2,25.02555,121.55379
VG7PG50_3,25.02555,121.5538
VKXET60_0,25.048653,121.50828
VH7E720_1,25.031081,121.50133000000001
VH7E720_0,25.031081,121.50132
VLNPU40_1,25.052396,121.55693000000001
VLNPU40_0,25.052396,121.55692
VN2D0E0_0,25.04592,121.53059
VGKCG40_1,25.031664,121.497
VGKCG40_0,25.031664,121.49699
V6380E0_0,25.04739,121.56817
V3311G0_0,25.02353,121.53776
V5260E0_0,25.050641,121.50666
V6330G2_0,25.06012,121.60971
V1IUI20_1,24.987464,121.57659000000001
V1IUI20_0,24.987464,121.57658
VHNJV20_0,25.033861,121.52874
VMYN820_1,25.057516,121.54694
VMYN820_0,25.057516,121.54693
V2LSS20_1,24.993713,121.57161
V2LSS20_0,24.993713,121.5716
VJFPW60_0,25.041503,121.5535
V8050A0_0,25.12153,121.4996
VJFQQ00_2,25.040101,121.56162
VJFQQ00_0,25.040101,121.5616
V4081G0_0,25.018753,121.49343
VKWNV20_1,25.048389,121.55183000000001
VKWNV20_0,25.048389,121.55182
VLAKQ20_0,25.051189,121.5368
V10C0A0_0,25.04704,121.53679
VMDL800_1,25.054662,121.53986
VMDL800_0,25.054662,121.53985
VGYS640_0,25.031129,121.56818
V1040A0_0,25.044874,121.53668
VMAZC60_0,25.0535,121.60169
VJERC40_0,25.043156,121.56523
VHLM800_1,25.031837,121.54308
VHLM800_0,25.031837,121.54307
VRKQZ40_1,25.077777,121.56322
VRKQZ40_0,25.077777,121.56321
V5AAF61_0,25.123138,121.46884
VYLJ620_0,25.106692,121.52954
V52D0E0_0,25.026712,121.48952
VCPKT41_1,25.015492,121.53369
VJCHS40_0,25.041687,121.52265
V6320G1_0,25.06275,121.61723
VSEMV60_1,25.077519,121.54788
VSEMV60_0,25.077519,121.54787
VINKW20_1,25.038237,121.5357
VINKW20_0,25.038237,121.53569
V03B0G0_0,25.04504,121.54772
V5050A0_0,25.02812,121.48893
V03A0G0_0,25.04474,121.5557
V1CPB00_1,24.980969,121.55378
V1CPB00_0,24.980969,121.55377
VTYXQ60_0,25.084698,121.59769
VFNNH40_1,25.114453,121.51333
VFNNH40_0,25.114453,121.51332
V1010A0_0,25.02761,121.53778
VN2C0E0_0,25.05056,121.52813
VSEMA00_1,25.077215,121.54447
VSEMA00_0,25.077215,121.54446
V03E0G0_0,25.04897,121.51567
V12G2E0_0,25.02355,121.5376
VEFMN20_0,25.019582,121.54658
VLGGYA0_0,25.10895,121.49883
V6140C0_0,25.05465,121.57682
V4271C0_0,25.021506,121.51701
VN5JX20_2,25.058155,121.53508000000001
VN5JX20_0,25.058155,121.53506
VQRTE00_1,25.069229,121.57469
VQRTE00_0,25.069229,121.57468
VT8SZ60_0,25.080648,121.57366
VMUGG20_1,25.057181,121.51439
VMUGG20_0,25.057181,121.51438
V1011A0_0,25.03468,121.53799
VG8IK40_1,25.027743,121.5265
VG8IK40_0,25.027743,121.52649
VE7GH40_0,25.02049,121.52449
VEZPT20_0,25.022071,121.55464
VPLJF00_1,25.064512,121.52988
VPLJF00_0,25.064512,121.52987
V10E2A0_0,25.048813,121.53684
VLEWX20_1,25.049931,121.59214
VLEWX20_0,25.049931,121.59213
V1NQM40_1,24.987137,121.56067
V1NQM40_0,24.987137,121.56066
V4070G0_0,25.019719,121.504
VFWBS00_1,25.025074,121.49147
VFWBS00_0,25.025074,121.49146
V4261E0_0,25.02408,121.51247
VKJJP20_0,25.045657,121.53105
VLV3D60_0,25.052639,121.61119
V0UVS20_1,24.977136,121.5834
V0UVS20_0,24.977136,121.58339
VI6I900_0,25.03615,121.52443
VNZQA20_0,25.061541,121.55231
VJQJI20_1,25.042733,121.53066
VJQJI20_0,25.042733,121.53065
V7230E0_0,25.05269,121.57012
V6330G8_0,25.06034,121.58735
VLTEQ40_1,25.052233,121.5093
VLTEQ40_0,25.052233,121.50929
V42B0D0_0,25.01003,121.53059
V10D2A0_0,25.06042,121.5371
VILPI20_2,25.03752,121.55398000000001
VILPI20_0,25.03752,121.55396
V58AH60_0,25.122434,121.47438
VDKJT00_1,25.014158,121.53103
VDKJT00_0,25.014158,121.53102
VU5IF00_1,25.084975,121.52564000000001
VU5IF00_0,25.084975,121.52563
VCPKT40_0,25.013479,121.53923
VNZ4641_0,25.060972,121.61386
VMZM900_0,25.059765,121.54377
V0150C0_0,25.044702,121.54301
VIPIZ61_1,25.037018,121.52819000000001
VIPIZ61_0,25.037018,121.52818
VI6NV00_1,25.03514,121.54837
VI6NV00_0,25.03514,121.54836
VGTHG00_1,25.028883,121.52088
VGTHG00_0,25.028883,121.52087
VJFPW01_1,25.043149,121.55756000000001
VJFPW01_0,25.043149,121.55755
VKWN800_1,25.047099,121.54904
VKWN800_0,25.047099,121.54903
VLAFP60_0,25.049976,121.51208
VJMHU60_1,25.04208,121.52383
VJMHU60_0,25.04208,121.52382
V0130A1_0,25.04728,121.52635
VFVGM00_1,25.025576,121.51628000000001
VFVGM00_0,25.025576,121.51627
V9040A0_0,25.021839,121.57759
VIQDB00_0,25.038574,121.49869
VJES820_2,25.040996,121.5661
VJES820_0,25.040996,121.56608
VJERC51_0,25.041469,121.56497
VGMFQ20_1,25.029585,121.51101
VGMFQ20_0,25.029585,121.511
V3110C0_0,25.01947,121.52637
VQGFY01_1,25.067361,121.51364000000001
VQGFY01_0,25.067361,121.51363
VF9KW60_1,25.021297,121.53925000000001
VF9KW60_0,25.021297,121.53924
V42K2C1_0,25.019215,121.49285
VXJHS00_1,25.100278,121.52309
VXJHS00_0,25.100278,121.52308
VTVXH20_0,25.083065,121.59371
VK6NY60_0,25.045067,121.55645
VENCU40_0,25.020129,121.49777
V4280C0_0,25.02086,121.51977
VFPMQ20_0,25.024619,121.54666
V4040H1_0,25.01119,121.52871
VHLNV00_1,25.031604,121.55234
VHLNV00_0,25.031604,121.55233
VNDRK20_1,25.059018,121.56537
VNDRK20_0,25.059018,121.56536
VKLLH20_1,25.046995,121.54050000000001
VKLLH20_0,25.046995,121.54049
VMLXB00_1,25.055367,121.5942
VMLXB00_0,25.055367,121.59419
VQEJY00_1,25.066361,121.53289000000001
VQEJY00_0,25.066361,121.53288
VINKW40_0,25.035657,121.53763
V03C0G0_0,25.04465,121.54118
VQGF701_1,25.063746,121.50869
VQGF701_0,25.063746,121.50868
VS9TE00_1,25.074959,121.57309000000001
VS9TE00_0,25.074959,121.57308
VHKQP20_2,25.032883,121.56023
VHKQP20_0,25.032883,121.56021
VJWJ700_0,25.040099,121.53282
VF9M500_0,25.091816,121.54912
VPYIH00_0,25.065519,121.52574
V4031A0_0,25.008379,121.53385
V1050A0_0,25.05182,121.53671
V6351G0_2,25.05641,121.5801
V6351G0_0,25.05641,121.58008
VB5PL40_1,25.005187,121.55742000000001
VB5PL40_0,25.005187,121.55741
V4050G0_0,25.02111,121.51889
V5070A0_0,25.04821,121.5052
V0112A0_0,25.049209,121.50597
V4231C0_0,25.0178,121.50023
VMZL961_1,25.062466,121.54281
VMZL961_0,25.062466,121.5428
V6360G1_0,25.05135,121.57069
VHX4E40_0,25.035073,121.61596
V4210D0_0,25.021809,121.49174
V6160C4_0,25.05843,121.60204
VJTJ960_1,25.044283,121.53145
VJTJ960_0,25.044283,121.53144
VLYGU40_1,25.052341,121.51744000000001
VLYGU40_0,25.052341,121.51743
VGYS7A0_0,25.03231,121.57181
VIME560_0,25.037692,121.50577
VJQEB00_0,25.047964,121.5063
V03D0G1_0,25.04793,121.52315
V9060A0_0,25.03178,121.57191
VLY4920_0,25.052556,121.61141
V3120C0_0,25.022407,121.53372
VNXPC60_0,25.062606,121.55963
V42B1E0_0,25.01059,121.5354
VJDST20_0,25.040693,121.56968
VKE4M40_0,25.046406,121.61524
VK5IE20_1,25.043923,121.52613000000001
VK5IE20_0,25.043923,121.52612
V0160C0_0,25.04501,121.55754
VNUNJ00_1,25.059629,121.54937
VNUNJ00_0,25.059629,121.54936
VSXTK20_0,25.080257,121.57445
VP5KR60_1,25.06238,121.53514
VP5KR60_0,25.06238,121.53513
V6180A1_0,25.06106,121.61951
VIMNN00_1,25.036941,121.55189
VIMNN00_0,25.036941,121.55188
VUIFC60_0,25.087858,121.51197
VQEUU60_1,25.068772,121.58307
VQEUU60_0,25.068772,121.58306
VLRIF40_1,25.053161,121.52545
VLRIF40_0,25.053161,121.52544
V6310G0_0,25.05866,121.62179
VQKWL40_1,25.070912,121.58991
VQKWL40_0,25.070912,121.5899
VND3C20_1,25.05863,121.6088
VND3C20_0,25.05863,121.60879
VSQVZ20_0,25.078583,121.5868
VILNY60_0,25.037838,121.55392
VLXZ720_1,25.051938,121.59718000000001
VLXZ720_0,25.051938,121.59717
V1020A1_0,25.03887,121.538
V6150C0_0,25.057198,121.58172
VN2E0E0_0,25.04349,121.53
VMQGX40_1,25.055679,121.51807000000001
VMQGX40_0,25.055679,121.51806
VIPJA20_1,25.038372,121.53098
VIPJA20_0,25.038372,121.53097
VH6DG00_1,25.030163,121.50036
VH6DG00_0,25.030163,121.50035
VE4A420_1,25.053548,121.60186
VE4A420_0,25.053548,121.60185
VSVI940_0,25.082344,121.52509
V52I2E0_0,25.045187,121.50138
V6121A0_0,25.05496,121.57682
VN2D0E2_0,25.046347,121.53084
VNXPC00_1,25.060404,121.55448
VNXPC00_0,25.060404,121.55447
V4060G0_0,25.0224,121.50806
V2PK0E0_0,24.99937,121.53534
VP6JY40_0,25.06199,121.53316
V5070A1_0,25.04113,121.49879
V4080G0_0,25.01655,121.49573
V4290C0_0,25.01909,121.52331
VMTR600_1,25.056443,121.56358
VMTR600_0,25.056443,121.56357
VSSWC60_0,25.07997,121.59003
VN5HV60_1,25.057778,121.52202
VN5HV60_0,25.057778,121.52201
VGYER20_1,25.030521,121.50648
VGYER20_0,25.030521,121.50647
VS6TI00_1,25.07566,121.57625
VS6TI00_0,25.07566,121.57624
V50C2A0_0,25.039396,121.49674
VKVJB60_1,25.048578,121.52705
VKVJB60_0,25.048578,121.52704
VN0C0E2_0,25.05317,121.5275
VN2C0E2_0,25.05003,121.52846
V5051A0_0,25.03525,121.48924
VAWVC20_1,25.002438,121.58203
VAWVC20_0,25.002438,121.58202
VJPEI40_0,25.042935,121.50644
VF9KB00_1,25.018104,121.53327
VF9KB00_0,25.018104,121.53326
VDTJT00_0,25.013938,121.53397
VCNKM20_0,25.011386,121.53619
VNF3G20_1,25.055689,121.59703
VNF3G20_0,25.055689,121.59702
VKZQW20_1,25.048775,121.56208000000001
VKZQW20_0,25.048775,121.56207
V9050A0_0,25.025009,121.57556
V6151C0_2,25.05839,121.58379000000001
V6151C0_0,25.05839,121.58377
V1290E0_0,25.02737,121.53763
V42I2E0_0,25.01384,121.52674
VAGPE40_1,24.997496,121.55241000000001
VAGPE40_0,24.997496,121.5524
VHWGD60_1,25.042929,121.51870000000001
VHWGD60_0,25.042929,121.51869
VJHKR40_0,25.04113,121.5371
VMTG520_1,25.056934,121.51273
VMTG520_0,25.056934,121.51272
VJCTT60_0,25.041088,121.57491
VPDS600_1,25.061398,121.56862000000001
VPDS600_0,25.061398,121.56861
V5AAF60_1,25.121478,121.49065
V5AAF60_0,25.121478,121.49064
VIKPW00_0,25.036653,121.55763
VSKTL00_0,25.077614,121.57532
VHBGA01_1,25.033841,121.51268
VHBGA01_0,25.033841,121.51267
V2120C0_0,25.016732,121.54387
V12E2E0_0,25.03702,121.53775
V1XLD00_1,24.988605,121.5395
V1XLD00_0,24.988605,121.53949
VXWNW20_1,25.100358,121.55066000000001
VXWNW20_0,25.100358,121.55065
VP8QY00_1,25.061301,121.56336
VP8QY00_0,25.061301,121.56335
VQKWL60_1,25.068872,121.58988000000001
VQKWL60_0,25.068872,121.58987
VI9QP11_0,25.036191,121.56177
VP8GI20_0,25.062412,121.51599
V8220E0_0,25.11913,121.4998
V1080A0_0,25.06868,121.53335
VP8GI60_0,25.063038,121.5173
V5062G0_0,25.05059,121.50804
VRTHD40_1,25.073605,121.519
VRTHD40_0,25.073605,121.51899
V8260E0_0,25.08935,121.50235
VHSIP20_0,25.035099,121.52518
VN8PT60_1,25.058162,121.53084
VN8PT60_0,25.058162,121.53083
V7JCE40_0,25.133108,121.49555
VJERC52_0,25.040857,121.56444
VJTFX00_1,25.042813,121.51313
VJTFX00_0,25.042813,121.51312
VCCKW00_0,25.006547,121.53883
VJWJ740_0,25.04024,121.53284
VNZLJ40_1,25.063659,121.54097
VNZLJ40_0,25.063659,121.54096
VFTLH60_1,25.025224,121.53936
VFTLH60_0,25.025224,121.53935
VP5QG20_0,25.062203,121.55878
V6120C0_0,25.05132,121.57074
VQEJF20_1,25.068296,121.52945
VQEJF20_0,25.068296,121.52944
VRGUF00_1,25.07252,121.58038
VRGUF00_0,25.07252,121.58037
VHFHU00_0,25.032803,121.52282
VRNIF00_1,25.073033,121.52388
VRNIF00_0,25.073033,121.52387
VG8IK60_1,25.026825,121.51809
VG8IK60_0,25.026825,121.51808
V6130C0_0,25.05329,121.57414
V52A0E0_0,25.039034,121.49596
VPWMA00_0,25.065284,121.54441
V52B1E0_0,25.03525,121.48924
VMDL820_1,25.05472,121.53128000000001
VMDL820_0,25.05472,121.53127
V1060A0_0,25.05738,121.53696
V2KLN40_1,24.998524,121.5403
V2KLN40_0,24.998524,121.54029
V1231E0_0,25.05457,121.53671
V5271E0_0,25.043846,121.50046
VLRHT00_1,25.05116,121.52205000000001
VLRHT00_0,25.05116,121.52204
VMXH820_1,25.057696,121.51944
VMXH820_0,25.057696,121.51943
VKXET20_0,25.046632,121.51508
VK9KC60_0,25.044972,121.53577
VVYIV00_1,25.091837,121.52791
VVYIV00_0,25.091837,121.5279
VQKWL61_1,25.067213,121.60058000000001
VQKWL61_0,25.067213,121.60057
VJGMT00_1,25.039295,121.55
VJGMT00_0,25.039295,121.54999
VIWRJ60_0,25.039046,121.5684
VYBIB00_1,25.104805,121.5245
VYBIB00_0,25.104805,121.52449
V12B2E0_0,25.067202,121.53425
VJERC00_0,25.040507,121.56385
VHM3N40_0,25.033549,121.61127
VP6JY60_1,25.062414,121.53078000000001
VP6JY60_0,25.062414,121.53077
VN0F0E1_0,25.07292,121.52636
VIRHZ20_1,25.03878,121.52281
VIRHZ20_0,25.03878,121.5228
VN5IG20_1,25.058233,121.52604000000001
VN5IG20_0,25.058233,121.52603
VV9GE20_0,25.088343,121.5119
VI9QP12_0,25.035352,121.56149
VHEPV00_0,25.030934,121.55755
V8230E1_0,25.1057,121.49883
V6160C3_0,25.05836,121.59808
VSHZU60_0,25.080915,121.60713
VX9KL60_1,25.098311,121.53523
VX9KL60_0,25.098311,121.53522
VUVHL40_0,25.089087,121.52093
V0380F0_0,25.04543,121.56636
VN2A0E0_0,25.072824,121.52636
VGBBW60_0,25.031159,121.49407
V52C1E0_0,25.02719,121.48949
VGUEI60_1,25.029812,121.50277
VGUEI60_0,25.029812,121.50276
VF9NH00_1,25.023475,121.55083
VF9NH00_0,25.023475,121.55082
V4220D0_0,25.01649,121.4957
VMZL960_1,25.058144,121.53814
VMZL960_0,25.058144,121.53813
VHFHV00_0,25.029636,121.52227
VH7EN60_0,25.031321,121.50791
VJVRL10_0,25.042966,121.56549
V6330G3_0,25.05898,121.60597
VJ7II00_0,25.040467,121.52574
VIBHV20_1,25.036842,121.52197000000001
VIBHV20_0,25.036842,121.52196
V4011A0_0,24.998316,121.53642
VTEZS20_0,25.077587,121.60701
V6160C7_0,25.06126,121.6113
VN9PZ60_1,25.058466,121.55856
VN9PZ60_0,25.058466,121.55855
VXSLB20_1,25.101943,121.53959
VXSLB20_0,25.101943,121.53958
VTXQL00_1,25.082813,121.56145000000001
VTXQL00_0,25.082813,121.56144
VEUPN60_0,25.019224,121.55784
VACTV20_1,24.999296,121.57515000000001
VACTV20_0,24.999296,121.57514
VGIBX60_0,25.028561,121.49349
V42K2C0_0,25.017137,121.4942
VJFQQ60_3,25.041046,121.56235
VJFQQ60_0,25.041046,121.56232
VWGIV60_1,25.096059,121.529
VWGIV60_0,25.096059,121.52899
VLMR820_1,25.094556,121.51899
VLMR820_0,25.094556,121.51898
VT6HS40_0,25.081814,121.52276
VG6J520_1,25.026417,121.52894
VG6J520_0,25.026417,121.52893
V1280E0_0,25.03328,121.53771
VNUNJ20_1,25.062302,121.54682
VNUNJ20_0,25.062302,121.54681
VJWJ720_1,25.040492,121.53142
VJWJ720_0,25.040492,121.53141
V9230A1_0,25.02904,121.5726
V0150C2_0,25.0445,121.55146
V6340G1_0,25.05691,121.58087
VKII640_1,25.045719,121.52361
VKII640_0,25.045719,121.5236
V8001H0_0,25.08704,121.50465
V0150C1_0,25.0449,121.54799
V03D0G2_0,25.04831,121.5198
VN0B0E1_0,25.04651,121.53094
V4010A0_0,24.99424,121.535
V03E0G1_0,25.04997,121.51176
V1070A1_0,25.06366,121.53707
VJSJD40_1,25.032798,121.52692
VJSJD40_0,25.032798,121.52691
V52H2E0_0,25.036003,121.49072
VK7K820_1,25.044475,121.53342
VK7K820_0,25.044475,121.53341
VSPRA40_1,25.079642,121.56443
VSPRA40_0,25.079642,121.56442
V1250E0_0,25.04487,121.53655
VIKQP20_1,25.037619,121.55899000000001
VIKQP20_0,25.037619,121.55898
VQKWL00_2,25.07057,121.58966000000001
VQKWL00_0,25.07057,121.58964
VJT4T00_0,25.042825,121.61688
V7010A0_0,25.04665,121.56783
V4250B0_0,25.02099,121.5061
VPMSV40_1,25.067351,121.57242000000001
VPMSV40_0,25.067351,121.57241
V1240E0_0,25.0487,121.53664
VJPEI60_0,25.043133,121.5039
VZKPR20_1,25.108413,121.55744
VZKPR20_0,25.108413,121.55743
VHYFT00_1,25.036748,121.51247000000001
VHYFT00_0,25.036748,121.51246
V8040A0_0,25.1115,121.49873
VIAM700_0,25.036717,121.54359
VQFHV41_1,25.068202,121.52277000000001
VQFHV41_0,25.068202,121.52276
VLBHN00_1,25.048951,121.5211
VLBHN00_0,25.048951,121.52109
V9240A0_0,25.02296,121.57654
V3MER00_0,25.113446,121.50838
VFQM660_0,25.02479,121.54426
V8010A1_0,25.09219,121.49949
VKRM820_1,25.047675,121.5446
VKRM820_0,25.047675,121.54459
V8040A1_0,25.116601,121.49993
V3UNW00_1,25.115912,121.55111000000001
V3UNW00_0,25.115912,121.5511
VMZLI20_1,25.058077,121.54173
VMZLI20_0,25.058077,121.54172
VEWN0C0_0,25.020736,121.54846
VTXQJ20_0,25.084908,121.55841
VI9R760_2,25.035801,121.56465
VI9R760_0,25.035801,121.56463
V5060B0_0,25.036999,121.49244
VN7ST40_1,25.058363,121.5691
VN7ST40_0,25.058363,121.56909
V6330G4_0,25.058511,121.60204
VFZK620_1,25.027117,121.52484
VFZK620_0,25.027117,121.52483
V9250A2_0,25.01666,121.57998
VEFMN40_0,25.018701,121.54543
VNLHV00_1,25.060708,121.52295000000001
VNLHV00_0,25.060708,121.52294
V6180A2_0,25.05859,121.62171
VI9RW20_0,25.035804,121.56624
VIWRJ00_2,25.037748,121.56543
VIWRJ00_0,25.037748,121.56541
VS7SN60_0,25.078168,121.56642
V4NJD00_3,25.11713,121.52893999999999
V4NJD00_0,25.11713,121.52891
V2WUA20_0,24.996518,121.57683
V0390G0_0,25.04524,121.55935
VRNIF40_0,25.079381,121.52435
V3AIL00_1,25.111526,121.52573000000001
V3AIL00_0,25.111526,121.52572
V0120C0_0,25.0499,121.51173
VHBGA00_1,25.031325,121.51431000000001
VHBGA00_0,25.031325,121.5143
VN0E0E0_0,25.06361,121.52786
V6330G6_0,25.05912,121.59447
VN0A0E0_0,25.0432,121.52983
VK6P820_0,25.044474,121.55099
V1TT960_1,24.990436,121.57391
V1TT960_0,24.990436,121.5739
VJ7KV40_0,25.03905,121.53813
VMV4U41_0,25.057217,121.61653
VJHM700_1,25.044085,121.54375
VJHM700_0,25.044085,121.54374
V9201A0_0,25.03314,121.57384
VIGHK40_0,25.038523,121.52143
V6170C1_0,25.06353,121.61459
V52J2E0_0,25.04518,121.50138
VKESJ10_1,25.04549,121.57342
VKESJ10_0,25.04549,121.57341
V36F660_0,25.113485,121.50768
V4020A0_0,25.00393,121.53528
V0140C0_0,25.04532,121.53314
V1210E0_0,25.06851,121.53325
VLAJE40_1,25.050446,121.52992
VLAJE40_0,25.050446,121.52991
V6160C5_0,25.05894,121.60599
VLDTB20_1,25.049834,121.57314000000001
VLDTB20_0,25.049834,121.57313
VN8PG20_1,25.058365,121.55434
VN8PG20_0,25.058365,121.55433
VFYKD41_0,25.027606,121.53465
VJGPQ00_1,25.04349,121.54846
VJGPQ00_0,25.04349,121.54845
VYRGM00_1,25.105143,121.51820000000001
VYRGM00_0,25.105143,121.51819
V3330G0_0,25.02087,121.53052
VMDXF00_1,25.053323,121.59502
VMDXF00_0,25.053323,121.59501
VNES600_1,25.059145,121.56758
VNES600_0,25.059145,121.56757
V9030A2_0,25.01695,121.5802
V1230E0_0,25.05642,121.53683
V6330G0_0,25.063563,121.614463
VHMKW40_0,25.030494,121.53746
VNNFY00_1,25.062016,121.51311
VNNFY00_0,25.062016,121.5131
VINM760_1,25.038122,121.54502000000001
VINM760_0,25.038122,121.54501
VMQ4C40_1,25.056748,121.61406000000001
VMQ4C40_0,25.056748,121.61405
V8250E0_0,25.097691,121.49767
V6140C1_0,25.05473,121.57713
V1270E0_0,25.03912,121.53778
VHKPV40_0,25.034763,121.55741
VQGGJ20_1,25.068755,121.51441
VQGGJ20_0,25.068755,121.5144
V8240E0_0,25.10228,121.49897
VHMKV20_0,25.033563,121.53608
VINLD61_1,25.038234,121.54165
VINLD61_0,25.038234,121.54164
V42B1D0_0,25.00837,121.53385
VU8P760_0,25.084883,121.55559
VM010A2_0,25.068872,121.544966
VEFM0C0_0,25.016616,121.54363
VIXJ740_1,25.040274,121.52911
VIXJ740_0,25.040274,121.5291
V8010A2_2,25.09662,121.49758
V8010A2_0,25.09662,121.49756
VKVHI20_0,25.048173,121.519
VNLKR60_0,25.060386,121.53724
VLRKQ40_0,25.050937,121.53649
VHJS620_2,25.032796,121.56651000000001
VHJS620_0,25.032796,121.56649
VMFIG20_1,25.054995,121.52514000000001
VMFIG20_0,25.054995,121.52513
VB5PL60_1,25.008552,121.558
VB5PL60_0,25.008552,121.55799
VGYS7A1_0,25.032181,121.571953
V1051A1_0,25.05182,121.53671
V5250E0_0,25.05452,121.50752
V42A0D0_0,25.015589,121.52563
VW7HN20_1,25.09325,121.51918
VW7HN20_0,25.09325,121.51917
VSQYA00_1,25.075434,121.60127
VSQYA00_0,25.075434,121.60126
VHHEF20_1,25.032797,121.50577
VMEKQ40_0,25.054825,121.53727
V40A2G0_0,25.01651,121.49629
VHEPV40_0,25.032103,121.55749
V6360G0_0,25.053182,121.57421
VKCUX20_1,25.045805,121.58305
VKCUX20_0,25.045805,121.58304
V12C2E0_0,25.04456,121.53651
V2RTQ20_1,24.995047,121.57447
V2RTQ20_0,24.995047,121.57446
VN2B0E2_0,25.06798,121.5279
V2320G0_0,25.0148,121.54137
VP8GX40_1,25.061494,121.51781
VP8GX40_0,25.061494,121.5178
VHWGD40_1,25.037591,121.5168
VHWGD40_0,25.037591,121.51679
V1010A1_0,25.034311,121.53793
VGKBM20_0,25.030509,121.48803
VJTJ820_0,25.043593,121.52745
VM7FI60_1,25.053907,121.51101
VM7FI60_0,25.053907,121.511
V4VDD40_0,25.108435,121.51131
VEWM500_1,25.023458,121.5433
VEWM500_0,25.023458,121.54329
VLQLI00_1,25.049523,121.54050000000001
VLQLI00_0,25.049523,121.54049
V3310G0_0,25.022506,121.53587
VFDGP01_0,25.021654,121.51673
VLQLI40_1,25.053685,121.54058
VLQLI40_0,25.053685,121.54057
VLKSH00_0,25.049846,121.5695
VHMM620_0,25.031438,121.55012
VI9S600_0,25.035272,121.56849
VSPRA60_0,25.078416,121.56579
VJERC50_0,25.043326,121.56563
VF9KB60_0,25.022684,121.53257
V1021A0_0,25.03866,121.53804
V1030A0_0,25.04288,121.53682
V5261F0_0,25.04621,121.50276
VHXS600_0,25.032754,121.56827
V9260A0_0,25.008247,121.5812
VLKGF40_1,25.051091,121.51604
VLKGF40_0,25.051091,121.51603
VN2B0E1_0,25.0676,121.52774
VRPSV00_1,25.072503,121.5731
VRPSV00_0,25.072503,121.57309
VEWM560_0,25.020382,121.545
V37JI40_1,25.113824,121.53189
V37JI40_0,25.113824,121.53188
V6330G7_0,25.06099,121.59122
VCPKT00_0,25.012748,121.53891
VM8PX60_1,25.054324,121.56525
VM8PX60_0,25.054324,121.56524
V5080A0_0,25.055143,121.50773
V6171C1_0,25.06285,121.61635
VMQMV00_1,25.0537,121.54369
VMQMV00_0,25.0537,121.54368
VJFPW00_0,25.040494,121.55774
VJGPQ20_0,25.044875,121.54738
VI9QP10_0,25.033686,121.56054
VJMHU00_0,25.043103,121.52302
VQ6WK40_1,25.067181,121.59053
VQ6WK40_0,25.067181,121.59052
VK6L860_0,25.04489,121.54099
VN0B0E2_0,25.04668,121.53082
VISCI20_0,25.035548,121.49091
VPJFZ00_1,25.065237,121.51367
VPJFZ00_0,25.065237,121.51366
VFVKW40_0,25.029137,121.53808
V10F2A0_0,25.04631,121.53682
VKJEP40_0,25.047274,121.5074
V2310G0_0,25.0202,121.54777
VDTJW00_1,25.012857,121.53633
VDTJW00_0,25.012857,121.53632
V5070A2_0,25.045149,121.50158
VV7GX00_0,25.090248,121.51768
VRPSV70_0,25.073696,121.57276
VP8GX42_0,25.064147,121.51819
VL7TM20_0,25.049308,121.57417
VU8EF00_0,25.082718,121.50763
VKLGD20_0,25.046708,121.51449
VN0E0E1_0,25.062544,121.52766
VQFHV60_1,25.068561,121.52340000000001
VQFHV60_0,25.068561,121.52339
VP6IG60_1,25.062606,121.52503
VP6IG60_0,25.062606,121.52502
VJVRL11_0,25.043154,121.56595
VFNN700_1,25.024821,121.54829000000001
VFNN700_0,25.024821,121.54828
V03D0G0_0,25.04739,121.52637
V1CRT60_1,24.983823,121.5678
V1CRT60_0,24.983823,121.56779
VEVIV40_1,25.021656,121.52709
VEVIV40_0,25.021656,121.52708
VPYIH40_0,25.06766,121.52538
VZAJE60_1,25.105135,121.52809
VZAJE60_0,25.105135,121.52808
V6160C2_0,25.05908,121.59447
V5261E0_0,25.047938,121.50441
VN0F0E0_0,25.06964,121.528
VI9EM00_0,25.035224,121.50622
VKSIE60_0,25.047305,121.52702
VN2D0E1_0,25.04795,121.52975
V3320G0_0,25.02224,121.5323
VN2B0E0_0,25.0569,121.52751
V4221E0_0,25.016324,121.49601
VL7PX00_1,25.048981,121.55779
VL7PX00_0,25.048981,121.55778
VQDLJ20_1,25.068117,121.53906
VQDLJ20_0,25.068117,121.53905
